[
	{"model":"ui.game","pk":2,"fields":{"name":"World2010","tileServer":"http://{s}.tile.openstreetmap.org/{z}/{x}/{y}.png","winPoints":20,"defaultCommandType":1,"turnMinutes":1440,"status":1,"user":[1,10,11,12,13,14,15,16,17,18,19,20,21,22,23,24,25]}},

	{"model":"auth.user","pk":10,"fields":{"username":"indonesie","first_name":"","last_name":"","email":"","is_staff":false,"is_active":true,"is_superuser":false,"date_joined":"2024-10-24T12:00:00+00:00","last_login":null,"password":"pbkdf2_sha256$1000000$world2010hash$encrypted","groups":[],"user_permissions":[]}},
	{"model":"auth.user","pk":11,"fields":{"username":"evropa","first_name":"","last_name":"","email":"","is_staff":false,"is_active":true,"is_superuser":false,"date_joined":"2024-10-24T12:00:00+00:00","last_login":"2025-10-24T20:14:33.421627+00:00","password":"pbkdf2_sha256$1000000$Ht9RNU3K5D09cIBYyLLbfM$7cfaBVgelUC7S5+yuaBT6BRcWmCnQY1bg/gV0qD3O9Y=","groups":[],"user_permissions":[]}},
	{"model":"auth.user","pk":12,"fields":{"username":"argentina","first_name":"","last_name":"","email":"","is_staff":false,"is_active":true,"is_superuser":false,"date_joined":"2024-10-24T12:00:00+00:00","last_login":null,"password":"pbkdf2_sha256$1000000$world2010hash$encrypted","groups":[],"user_permissions":[]}},
	{"model":"auth.user","pk":13,"fields":{"username":"arabie","first_name":"","last_name":"","email":"","is_staff":false,"is_active":true,"is_superuser":false,"date_joined":"2024-10-24T12:00:00+00:00","last_login":"2025-10-24T20:15:15.744735+00:00","password":"pbkdf2_sha256$1000000$FPWaRgxtoUbfyFJWKtw9Tc$6G//g+aMlxj5eaD/RLc5oCJd6nOgDaCW9kNr1i7d5F0=","groups":[],"user_permissions":[]}},
	{"model":"auth.user","pk":14,"fields":{"username":"brazilie","first_name":"","last_name":"","email":"","is_staff":false,"is_active":true,"is_superuser":false,"date_joined":"2024-10-24T12:00:00+00:00","last_login":null,"password":"pbkdf2_sha256$1000000$world2010hash$encrypted","groups":[],"user_permissions":[]}},
	{"model":"auth.user","pk":15,"fields":{"username":"alzir","first_name":"","last_name":"","email":"","is_staff":false,"is_active":true,"is_superuser":false,"date_joined":"2024-10-24T12:00:00+00:00","last_login":null,"password":"pbkdf2_sha256$1000000$world2010hash$encrypted","groups":[],"user_permissions":[]}},
	{"model":"auth.user","pk":16,"fields":{"username":"mongolsko","first_name":"","last_name":"","email":"","is_staff":false,"is_active":true,"is_superuser":false,"date_joined":"2024-10-24T12:00:00+00:00","last_login":"2025-10-24T20:08:49.791664+00:00","password":"pbkdf2_sha256$1000000$2yDrKwiXrIyTSu3xAbWTgK$YQh6iyma35XEmou7OG2f3JKewsfvd2WDpVpUtGfizNc=","groups":[],"user_permissions":[]}},
	{"model":"auth.user","pk":17,"fields":{"username":"somalsko","first_name":"","last_name":"","email":"","is_staff":false,"is_active":true,"is_superuser":false,"date_joined":"2024-10-24T12:00:00+00:00","last_login":null,"password":"pbkdf2_sha256$1000000$world2010hash$encrypted","groups":[],"user_permissions":[]}},
	{"model":"auth.user","pk":18,"fields":{"username":"indie","first_name":"","last_name":"","email":"","is_staff":false,"is_active":true,"is_superuser":false,"date_joined":"2024-10-24T12:00:00+00:00","last_login":null,"password":"pbkdf2_sha256$1000000$world2010hash$encrypted","groups":[],"user_permissions":[]}},
	{"model":"auth.user","pk":19,"fields":{"username":"kanada","first_name":"","last_name":"","email":"","is_staff":false,"is_active":true,"is_superuser":false,"date_joined":"2024-10-24T12:00:00+00:00","last_login":null,"password":"pbkdf2_sha256$1000000$world2010hash$encrypted","groups":[],"user_permissions":[]}},
	{"model":"auth.user","pk":20,"fields":{"username":"amerika","first_name":"","last_name":"","email":"","is_staff":false,"is_active":true,"is_superuser":false,"date_joined":"2024-10-24T12:00:00+00:00","last_login":null,"password":"pbkdf2_sha256$1000000$world2010hash$encrypted","groups":[],"user_permissions":[]}},
	{"model":"auth.user","pk":21,"fields":{"username":"aztekove","first_name":"","last_name":"","email":"","is_staff":false,"is_active":true,"is_superuser":false,"date_joined":"2024-10-24T12:00:00+00:00","last_login":null,"password":"pbkdf2_sha256$1000000$world2010hash$encrypted","groups":[],"user_permissions":[]}},
	{"model":"auth.user","pk":22,"fields":{"username":"australie","first_name":"","last_name":"","email":"","is_staff":false,"is_active":true,"is_superuser":false,"date_joined":"2024-10-24T12:00:00+00:00","last_login":"2025-10-24T18:27:42.608235+00:00","password":"pbkdf2_sha256$1000000$kJ06gCrH3MNgkWdPib8LZT$IYFWf8rb1+N4959W7vrsuRi0P9uyCCRfLRWYO2B59bA=","groups":[],"user_permissions":[]}},
	{"model":"auth.user","pk":23,"fields":{"username":"rusko","first_name":"","last_name":"","email":"","is_staff":false,"is_active":true,"is_superuser":false,"date_joined":"2024-10-24T12:00:00+00:00","last_login":"2025-10-24T20:12:53.969241+00:00","password":"pbkdf2_sha256$1000000$BjomdNkp3BOxIoQKjuk1JO$gsfCMHLH8e30lWK1+61RnjtdB/YM6Z2IyiLInX28GaM=","groups":[],"user_permissions":[]}},
	{"model":"auth.user","pk":24,"fields":{"username":"siouxove","first_name":"","last_name":"","email":"","is_staff":false,"is_active":true,"is_superuser":false,"date_joined":"2024-10-24T12:00:00+00:00","last_login":null,"password":"pbkdf2_sha256$1000000$world2010hash$encrypted","groups":[],"user_permissions":[]}},
	{"model":"auth.user","pk":25,"fields":{"username":"zimbabwe","first_name":"","last_name":"","email":"","is_staff":false,"is_active":true,"is_superuser":false,"date_joined":"2024-10-24T12:00:00+00:00","last_login":null,"password":"pbkdf2_sha256$1000000$world2010hash$encrypted","groups":[],"user_permissions":[]}},

	{"model":"ui.country","pk":10,"fields":{"name":"Indonesie","game":2,"color":"#002480","fgcolor":"white","lat":"-2.00","lng":"118.00","owner":10}},
	{"model":"ui.country","pk":11,"fields":{"name":"Evropa","game":2,"color":"#f854f8","fgcolor":"black","lat":"54.00","lng":"15.00","owner":11}},
	{"model":"ui.country","pk":12,"fields":{"name":"Argentina","game":2,"color":"#0000fc","fgcolor":"white","lat":"-34.00","lng":"-64.00","owner":12}},
	{"model":"ui.country","pk":13,"fields":{"name":"Arabie","game":2,"color":"#f8fc50","fgcolor":"black","lat":"24.00","lng":"45.00","owner":13}},
	{"model":"ui.country","pk":14,"fields":{"name":"Brazilie","game":2,"color":"#00a800","fgcolor":"white","lat":"-10.00","lng":"-55.00","owner":14}},
	{"model":"ui.country","pk":15,"fields":{"name":"Alzir","game":2,"color":"#50fc50","fgcolor":"black","lat":"28.00","lng":"3.00","owner":15}},
	{"model":"ui.country","pk":16,"fields":{"name":"Mongolsko","game":2,"color":"#780078","fgcolor":"white","lat":"46.00","lng":"105.00","owner":16}},
	{"model":"ui.country","pk":17,"fields":{"name":"Somalsko","game":2,"color":"#00fcf8","fgcolor":"black","lat":"2.00","lng":"45.00","owner":17}},
	{"model":"ui.country","pk":18,"fields":{"name":"Indie","game":2,"color":"#9494f8","fgcolor":"black","lat":"20.00","lng":"77.00","owner":18}},
	{"model":"ui.country","pk":19,"fields":{"name":"Kanada","game":2,"color":"#00a8a8","fgcolor":"white","lat":"60.00","lng":"-96.00","owner":19}},
	{"model":"ui.country","pk":20,"fields":{"name":"Amerika","game":2,"color":"#f88c88","fgcolor":"black","lat":"40.00","lng":"-100.00","owner":20}},
	{"model":"ui.country","pk":21,"fields":{"name":"Aztekove","game":2,"color":"#a800a8","fgcolor":"white","lat":"19.00","lng":"-99.00","owner":21}},
	{"model":"ui.country","pk":22,"fields":{"name":"Australie","game":2,"color":"#d8cca0","fgcolor":"black","lat":"-25.00","lng":"135.00","owner":22}},
	{"model":"ui.country","pk":23,"fields":{"name":"Rusko","game":2,"color":"#a80000","fgcolor":"white","lat":"60.00","lng":"100.00","owner":2}},
	{"model":"ui.country","pk":24,"fields":{"name":"Siouxove","game":2,"color":"#886800","fgcolor":"white","lat":"44.00","lng":"-100.00","owner":24}},
	{"model":"ui.country","pk":25,"fields":{"name":"Zimbabwe","game":2,"color":"#f8d0f8","fgcolor":"black","lat":"-19.00","lng":"30.00","owner":25}},

	{"model":"ui.field","pk":274,"fields":{"name":"Scandinavia","type":3,"game":2,"lat":"62.47","lng":"13.62","home":11,"isCity":true,"defaultPriority":3,"defaultUnitType":2,"unitPoints":1,"winPoints":1,"next":[284,287,301,304]}},
	{"model":"ui.field","pk":276,"fields":{"name":"Germany","type":3,"game":2,"lat":"51.04","lng":"9.89","home":null,"isCity":true,"defaultPriority":null,"defaultUnitType":null,"unitPoints":0,"winPoints":1,"next":[277,280,281,287,304,352]}},
	{"model":"ui.field","pk":277,"fields":{"name":"France","type":3,"game":2,"lat":"46.35","lng":"2.81","home":11,"isCity":true,"defaultPriority":2,"defaultUnitType":1,"unitPoints":1,"winPoints":1,"next":[276,278,304,352]}},
	{"model":"ui.field","pk":278,"fields":{"name":"Spain","type":3,"game":2,"lat":"39.84","lng":"355.78","home":11,"isCity":true,"defaultPriority":1,"defaultUnitType":2,"unitPoints":1,"winPoints":1,"next":[277,279,294,304,306]}},
	{"model":"ui.field","pk":279,"fields":{"name":"Italy","type":2,"game":2,"lat":"44.40","lng":"11.03","home":null,"isCity":true,"defaultPriority":null,"defaultUnitType":null,"unitPoints":0,"winPoints":1,"next":[278,280,283,294,295,352]}},
	{"model":"ui.field","pk":280,"fields":{"name":"Czechia","type":2,"game":2,"lat":"48.98","lng":"17.53","home":null,"isCity":false,"defaultPriority":null,"defaultUnitType":null,"unitPoints":0,"winPoints":0,"next":[276,279,281,282,283,352]}},
	{"model":"ui.field","pk":281,"fields":{"name":"Poland","type":2,"game":2,"lat":"52.08","lng":"19.91","home":null,"isCity":false,"defaultPriority":null,"defaultUnitType":null,"unitPoints":0,"winPoints":0,"next":[276,280,282,287,354]}},
	{"model":"ui.field","pk":282,"fields":{"name":"Ukraine","type":2,"game":2,"lat":"49.04","lng":"32.17","home":null,"isCity":false,"defaultPriority":null,"defaultUnitType":null,"unitPoints":0,"winPoints":0,"next":[280,281,283,293,300,353]}},
	{"model":"ui.field","pk":283,"fields":{"name":"Balkan","type":2,"game":2,"lat":"43.36","lng":"23.07","home":null,"isCity":true,"defaultPriority":null,"defaultUnitType":null,"unitPoints":0,"winPoints":0,"next":[279,280,282,293,295]}},
	{"model":"ui.field","pk":284,"fields":{"name":"Finland","type":2,"game":2,"lat":"62.59","lng":"26.37","home":null,"isCity":false,"defaultPriority":null,"defaultUnitType":null,"unitPoints":0,"winPoints":0,"next":[274,287,298,354]}},
	{"model":"ui.field","pk":285,"fields":{"name":"Greenland","type":2,"game":2,"lat":"72.10","lng":"318.60","home":null,"isCity":true,"defaultPriority":null,"defaultUnitType":null,"unitPoints":0,"winPoints":0,"next":[289,290,301]}},
	{"model":"ui.field","pk":287,"fields":{"name":"Baltic sea","type":1,"game":2,"lat":"56.05","lng":"18.72","home":null,"isCity":false,"defaultPriority":null,"defaultUnitType":null,"unitPoints":0,"winPoints":0,"next":[274,276,281,284,304,354]}},
	{"model":"ui.field","pk":289,"fields":{"name":"Labrador sea","type":1,"game":2,"lat":"62.96","lng":"301.11","home":null,"isCity":false,"defaultPriority":null,"defaultUnitType":null,"unitPoints":0,"winPoints":0,"next":[285,290,308,419,421]}},
	{"model":"ui.field","pk":290,"fields":{"name":"Irminger sea","type":1,"game":2,"lat":"60.15","lng":"334.69","home":null,"isCity":false,"defaultPriority":null,"defaultUnitType":null,"unitPoints":0,"winPoints":0,"next":[285,289,301,304,305,306,308]}},
	{"model":"ui.field","pk":292,"fields":{"name":"Cabo verde","type":3,"game":2,"lat":"15.88","lng":"336.45","home":null,"isCity":true,"defaultPriority":null,"defaultUnitType":null,"unitPoints":0,"winPoints":0,"next":[306,307,311,318]}},
	{"model":"ui.field","pk":293,"fields":{"name":"Black sea","type":1,"game":2,"lat":"42.88","lng":"33.66","home":null,"isCity":false,"defaultPriority":null,"defaultUnitType":null,"unitPoints":0,"winPoints":0,"next":[282,283,295,343,353]}},
	{"model":"ui.field","pk":294,"fields":{"name":"Mediteranian sea west","type":1,"game":2,"lat":"39.03","lng":"5.98","home":null,"isCity":false,"defaultPriority":null,"defaultUnitType":null,"unitPoints":0,"winPoints":0,"next":[278,279,295,306,312,313]}},
	{"model":"ui.field","pk":295,"fields":{"name":"Mediteranian sea east","type":1,"game":2,"lat":"34.60","lng":"19.16","home":null,"isCity":false,"defaultPriority":null,"defaultUnitType":null,"unitPoints":0,"winPoints":0,"next":[279,283,293,294,313,314,323,342,343]}},
	{"model":"ui.field","pk":296,"fields":{"name":"Kamchatka","type":3,"game":2,"lat":"65.87","lng":"168.84","home":null,"isCity":true,"defaultPriority":null,"defaultUnitType":null,"unitPoints":0,"winPoints":0,"next":[370,371,453]}},
	{"model":"ui.field","pk":297,"fields":{"name":"Japan","type":3,"game":2,"lat":"36.03","lng":"138.69","home":null,"isCity":true,"defaultPriority":null,"defaultUnitType":null,"unitPoints":0,"winPoints":0,"next":[368,371,388,456]}},
	{"model":"ui.field","pk":298,"fields":{"name":"Murmansk","type":3,"game":2,"lat":"62.00","lng":"40.21","home":null,"isCity":false,"defaultPriority":null,"defaultUnitType":null,"unitPoints":0,"winPoints":0,"next":[284,299,300,301]}},
	{"model":"ui.field","pk":299,"fields":{"name":"Vorkuta","type":3,"game":2,"lat":"65.40","lng":"66.27","home":23,"isCity":true,"defaultPriority":2,"defaultUnitType":2,"unitPoints":1,"winPoints":1,"next":[298,300,301,365,373,374]}},
	{"model":"ui.field","pk":300,"fields":{"name":"Moscow","type":2,"game":2,"lat":"55.75","lng":"38.28","home":23,"isCity":true,"defaultPriority":1,"defaultUnitType":1,"unitPoints":1,"winPoints":1,"next":[282,298,299,353,354,365]}},
	{"model":"ui.field","pk":301,"fields":{"name":"Barents sea","type":1,"game":2,"lat":"73.40","lng":"26.54","home":null,"isCity":false,"defaultPriority":null,"defaultUnitType":null,"unitPoints":0,"winPoints":0,"next":[274,285,290,298,299,304]}},
	{"model":"ui.field","pk":304,"fields":{"name":"North sea","type":1,"game":2,"lat":"59.80","lng":"355.61","home":null,"isCity":false,"defaultPriority":null,"defaultUnitType":null,"unitPoints":0,"winPoints":0,"next":[274,276,277,278,287,290,301,306]}},
	{"model":"ui.field","pk":305,"fields":{"name":"Azores","type":3,"game":2,"lat":"38.79","lng":"330.69","home":null,"isCity":true,"defaultPriority":null,"defaultUnitType":null,"unitPoints":0,"winPoints":0,"next":[290,306,308]}},
	{"model":"ui.field","pk":306,"fields":{"name":"Madeira","type":1,"game":2,"lat":"32.44","lng":"343.43","home":null,"isCity":false,"defaultPriority":null,"defaultUnitType":null,"unitPoints":0,"winPoints":0,"next":[278,290,292,294,304,305,307,312,316,318]}},
	{"model":"ui.field","pk":307,"fields":{"name":"Bermuda","type":1,"game":2,"lat":"32.03","lng":"295.40","home":null,"isCity":false,"defaultPriority":null,"defaultUnitType":null,"unitPoints":0,"winPoints":0,"next":[292,306,308,309,311,404,405,406]}},
	{"model":"ui.field","pk":308,"fields":{"name":"North Atlantic ocean","type":1,"game":2,"lat":"43.77","lng":"312.63","home":null,"isCity":false,"defaultPriority":null,"defaultUnitType":null,"unitPoints":0,"winPoints":0,"next":[289,290,305,307,404,421]}},
	{"model":"ui.field","pk":309,"fields":{"name":"Gulf of Mexico","type":1,"game":2,"lat":"24.45","lng":"270.09","home":null,"isCity":false,"defaultPriority":null,"defaultUnitType":null,"unitPoints":0,"winPoints":0,"next":[307,310,406,407,408,411]}},
	{"model":"ui.field","pk":310,"fields":{"name":"Caribbean sea","type":1,"game":2,"lat":"13.75","lng":"283.71","home":null,"isCity":false,"defaultPriority":null,"defaultUnitType":null,"unitPoints":0,"winPoints":0,"next":[309,311,410,411,439]}},
	{"model":"ui.field","pk":311,"fields":{"name":"North Atlantic ocean west","type":1,"game":2,"lat":"6.80","lng":"312.67","home":null,"isCity":false,"defaultPriority":null,"defaultUnitType":null,"unitPoints":0,"winPoints":0,"next":[292,307,310,318,436,437,438,439]}},
	{"model":"ui.field","pk":312,"fields":{"name":"Morocco","type":3,"game":2,"lat":"31.24","lng":"352.88","home":15,"isCity":true,"defaultPriority":1,"defaultUnitType":2,"unitPoints":1,"winPoints":1,"next":[294,306,313,316]}},
	{"model":"ui.field","pk":313,"fields":{"name":"Algeria","type":3,"game":2,"lat":"28.69","lng":"3.34","home":null,"isCity":false,"defaultPriority":null,"defaultUnitType":null,"unitPoints":0,"winPoints":0,"next":[294,295,312,314,316,322,327]}},
	{"model":"ui.field","pk":314,"fields":{"name":"Libya","type":3,"game":2,"lat":"26.75","lng":"17.67","home":null,"isCity":false,"defaultPriority":null,"defaultUnitType":null,"unitPoints":0,"winPoints":0,"next":[295,313,323,327,328]}},
	{"model":"ui.field","pk":316,"fields":{"name":"Mauritania","type":3,"game":2,"lat":"19.06","lng":"348.49","home":null,"isCity":false,"defaultPriority":null,"defaultUnitType":null,"unitPoints":0,"winPoints":0,"next":[306,312,313,318,320,322]}},
	{"model":"ui.field","pk":318,"fields":{"name":"Cat Hill","type":1,"game":2,"lat":"-8.10","lng":"345.72","home":null,"isCity":false,"defaultPriority":null,"defaultUnitType":null,"unitPoints":0,"winPoints":0,"next":[292,306,311,316,319,320,321,332,333,403,437,450]}},
	{"model":"ui.field","pk":319,"fields":{"name":"Nigeria","type":3,"game":2,"lat":"8.32","lng":"7.21","home":null,"isCity":true,"defaultPriority":null,"defaultUnitType":null,"unitPoints":0,"winPoints":0,"next":[318,321,327,330,332]}},
	{"model":"ui.field","pk":320,"fields":{"name":"Guinea","type":3,"game":2,"lat":"9.36","lng":"350.24","home":15,"isCity":true,"defaultPriority":2,"defaultUnitType":1,"unitPoints":1,"winPoints":1,"next":[316,318,321,322]}},
	{"model":"ui.field","pk":321,"fields":{"name":"Ghana","type":3,"game":2,"lat":"8.10","lng":"359.12","home":null,"isCity":false,"defaultPriority":null,"defaultUnitType":null,"unitPoints":0,"winPoints":0,"next":[318,319,320,322,327]}},
	{"model":"ui.field","pk":322,"fields":{"name":"Mali","type":2,"game":2,"lat":"17.77","lng":"358.86","home":15,"isCity":true,"defaultPriority":3,"defaultUnitType":1,"unitPoints":1,"winPoints":1,"next":[313,316,320,321,327]}},
	{"model":"ui.field","pk":323,"fields":{"name":"Egypt","type":3,"game":2,"lat":"26.67","lng":"29.93","home":null,"isCity":true,"defaultPriority":null,"defaultUnitType":null,"unitPoints":0,"winPoints":0,"next":[295,314,324,341,342]}},
	{"model":"ui.field","pk":324,"fields":{"name":"Sudan","type":3,"game":2,"lat":"16.89","lng":"32.34","home":17,"isCity":true,"defaultPriority":3,"defaultUnitType":1,"unitPoints":1,"winPoints":1,"next":[323,325,328,330,331,341]}},
	{"model":"ui.field","pk":325,"fields":{"name":"Ethiopia","type":3,"game":2,"lat":"9.62","lng":"39.24","home":17,"isCity":true,"defaultPriority":2,"defaultUnitType":1,"unitPoints":1,"winPoints":1,"next":[324,326,329,341]}},
	{"model":"ui.field","pk":326,"fields":{"name":"Somalia","type":3,"game":2,"lat":"8.23","lng":"48.78","home":17,"isCity":true,"defaultPriority":1,"defaultUnitType":2,"unitPoints":1,"winPoints":1,"next":[325,329,341,350,389]}},
	{"model":"ui.field","pk":327,"fields":{"name":"Niger","type":2,"game":2,"lat":"17.35","lng":"9.80","home":null,"isCity":false,"defaultPriority":null,"defaultUnitType":null,"unitPoints":0,"winPoints":0,"next":[313,314,319,321,322,328]}},
	{"model":"ui.field","pk":328,"fields":{"name":"Tchad","type":2,"game":2,"lat":"15.03","lng":"18.68","home":null,"isCity":false,"defaultPriority":null,"defaultUnitType":null,"unitPoints":0,"winPoints":0,"next":[314,324,327,330]}},
	{"model":"ui.field","pk":329,"fields":{"name":"Kenya","type":2,"game":2,"lat":"0.09","lng":"37.88","home":null,"isCity":false,"defaultPriority":null,"defaultUnitType":null,"unitPoints":0,"winPoints":0,"next":[325,326,331,337,389]}},
	{"model":"ui.field","pk":330,"fields":{"name":"Central African republic","type":2,"game":2,"lat":"6.32","lng":"22.32","home":null,"isCity":false,"defaultPriority":null,"defaultUnitType":null,"unitPoints":0,"winPoints":0,"next":[319,324,328,331,332]}},
	{"model":"ui.field","pk":331,"fields":{"name":"Congo","type":2,"game":2,"lat":"-2.77","lng":"24.43","home":null,"isCity":true,"defaultPriority":null,"defaultUnitType":null,"unitPoints":0,"winPoints":0,"next":[324,329,330,332,333,337,339]}},
	{"model":"ui.field","pk":332,"fields":{"name":"Gabon","type":3,"game":2,"lat":"-0.97","lng":"11.91","home":null,"isCity":true,"defaultPriority":null,"defaultUnitType":null,"unitPoints":0,"winPoints":0,"next":[318,319,330,331,333]}},
	{"model":"ui.field","pk":333,"fields":{"name":"Angola","type":3,"game":2,"lat":"-12.60","lng":"15.86","home":null,"isCity":false,"defaultPriority":null,"defaultUnitType":null,"unitPoints":0,"winPoints":0,"next":[318,331,332,335,339,403]}},
	{"model":"ui.field","pk":334,"fields":{"name":"South Africa","type":3,"game":2,"lat":"-30.90","lng":"23.42","home":25,"isCity":true,"defaultPriority":3,"defaultUnitType":2,"unitPoints":1,"winPoints":1,"next":[335,338,390,403]}},
	{"model":"ui.field","pk":335,"fields":{"name":"Namibia","type":3,"game":2,"lat":"-22.88","lng":"17.23","home":25,"isCity":true,"defaultPriority":2,"defaultUnitType":1,"unitPoints":1,"winPoints":1,"next":[333,334,339,403]}},
	{"model":"ui.field","pk":336,"fields":{"name":"Madagascar","type":3,"game":2,"lat":"-19.89","lng":"46.71","home":null,"isCity":true,"defaultPriority":null,"defaultUnitType":null,"unitPoints":0,"winPoints":0,"next":[389,390,391,392]}},
	{"model":"ui.field","pk":337,"fields":{"name":"Tanzania","type":3,"game":2,"lat":"-7.06","lng":"35.64","home":null,"isCity":false,"defaultPriority":null,"defaultUnitType":null,"unitPoints":0,"winPoints":0,"next":[329,331,338,339,389]}},
	{"model":"ui.field","pk":338,"fields":{"name":"Mosambique","type":3,"game":2,"lat":"-19.27","lng":"34.15","home":null,"isCity":false,"defaultPriority":null,"defaultUnitType":null,"unitPoints":0,"winPoints":0,"next":[334,337,339,389,390]}},
	{"model":"ui.field","pk":339,"fields":{"name":"Zambia","type":2,"game":2,"lat":"-14.82","lng":"28.08","home":25,"isCity":true,"defaultPriority":1,"defaultUnitType":1,"unitPoints":1,"winPoints":1,"next":[331,333,335,337,338]}},
	{"model":"ui.field","pk":340,"fields":{"name":"Saint Helena","type":3,"game":2,"lat":"-37.06","lng":"347.12","home":null,"isCity":true,"defaultPriority":null,"defaultUnitType":null,"unitPoints":0,"winPoints":0,"next":[403,434,449,450,451]}},
	{"model":"ui.field","pk":341,"fields":{"name":"Red sea","type":1,"game":2,"lat":"18.81","lng":"39.33","home":null,"isCity":false,"defaultPriority":null,"defaultUnitType":null,"unitPoints":0,"winPoints":0,"next":[323,324,325,326,342,344,347]}},
	{"model":"ui.field","pk":342,"fields":{"name":"Israel","type":3,"game":2,"lat":"32.21","lng":"35.73","home":13,"isCity":true,"defaultPriority":1,"defaultUnitType":1,"unitPoints":1,"winPoints":1,"next":[295,323,341,343,346,347]}},
	{"model":"ui.field","pk":343,"fields":{"name":"Turkey","type":3,"game":2,"lat":"38.82","lng":"33.84","home":null,"isCity":false,"defaultPriority":null,"defaultUnitType":null,"unitPoints":0,"winPoints":0,"next":[293,295,342,346,348,353]}},
	{"model":"ui.field","pk":344,"fields":{"name":"Yemen","type":3,"game":2,"lat":"15.37","lng":"46.93","home":null,"isCity":false,"defaultPriority":null,"defaultUnitType":null,"unitPoints":0,"winPoints":0,"next":[341,345,347,349,350]}},
	{"model":"ui.field","pk":345,"fields":{"name":"Oman","type":3,"game":2,"lat":"20.92","lng":"56.87","home":null,"isCity":false,"defaultPriority":null,"defaultUnitType":null,"unitPoints":0,"winPoints":0,"next":[344,346,349,350,351]}},
	{"model":"ui.field","pk":346,"fields":{"name":"Kuwait","type":3,"game":2,"lat":"28.54","lng":"46.45","home":13,"isCity":true,"defaultPriority":2,"defaultUnitType":2,"unitPoints":1,"winPoints":1,"next":[342,343,345,348,349,351]}},
	{"model":"ui.field","pk":347,"fields":{"name":"Saudi Arabia","type":3,"game":2,"lat":"20.76","lng":"43.29","home":null,"isCity":false,"defaultPriority":null,"defaultUnitType":null,"unitPoints":0,"winPoints":0,"next":[341,342,344,349]}},
	{"model":"ui.field","pk":348,"fields":{"name":"Iran","type":3,"game":2,"lat":"32.81","lng":"52.47","home":13,"isCity":true,"defaultPriority":3,"defaultUnitType":1,"unitPoints":1,"winPoints":1,"next":[343,346,351,356,358,359]}},
	{"model":"ui.field","pk":349,"fields":{"name":"Saudi Arabia east","type":2,"game":2,"lat":"21.58","lng":"48.74","home":null,"isCity":false,"defaultPriority":null,"defaultUnitType":null,"unitPoints":0,"winPoints":0,"next":[344,345,346,347]}},
	{"model":"ui.field","pk":350,"fields":{"name":"Arabian sea","type":1,"game":2,"lat":"12.64","lng":"62.93","home":null,"isCity":false,"defaultPriority":null,"defaultUnitType":null,"unitPoints":0,"winPoints":0,"next":[326,344,345,355,356,385,389,394]}},
	{"model":"ui.field","pk":351,"fields":{"name":"Persian Gulf","type":1,"game":2,"lat":"26.35","lng":"52.56","home":null,"isCity":false,"defaultPriority":null,"defaultUnitType":null,"unitPoints":0,"winPoints":0,"next":[345,346,348]}},
	{"model":"ui.field","pk":352,"fields":{"name":"Switzerland","type":2,"game":2,"lat":"46.71","lng":"8.09","home":null,"isCity":false,"defaultPriority":null,"defaultUnitType":null,"unitPoints":0,"winPoints":0,"next":[276,277,279,280]}},
	{"model":"ui.field","pk":353,"fields":{"name":"Azerbaijan","type":3,"game":2,"lat":"40.48","lng":"47.24","home":null,"isCity":true,"defaultPriority":null,"defaultUnitType":null,"unitPoints":0,"winPoints":0,"next":[282,293,300,343,365]}},
	{"model":"ui.field","pk":354,"fields":{"name":"Lietuva","type":3,"game":2,"lat":"55.20","lng":"24.74","home":null,"isCity":false,"defaultPriority":null,"defaultUnitType":null,"unitPoints":0,"winPoints":0,"next":[281,284,287,300]}},
	{"model":"ui.field","pk":355,"fields":{"name":"India","type":3,"game":2,"lat":"19.56","lng":"77.78","home":18,"isCity":true,"defaultPriority":2,"defaultUnitType":2,"unitPoints":1,"winPoints":1,"next":[350,356,360,385]}},
	{"model":"ui.field","pk":356,"fields":{"name":"Pakistan","type":3,"game":2,"lat":"27.99","lng":"67.63","home":18,"isCity":true,"defaultPriority":3,"defaultUnitType":1,"unitPoints":1,"winPoints":1,"next":[348,350,355,358,359,360,381]}},
	{"model":"ui.field","pk":358,"fields":{"name":"Turkmenistan","type":2,"game":2,"lat":"39.50","lng":"60.29","home":null,"isCity":true,"defaultPriority":null,"defaultUnitType":null,"unitPoints":0,"winPoints":0,"next":[348,356,359,365,374,381]}},
	{"model":"ui.field","pk":359,"fields":{"name":"Afghanistan","type":2,"game":2,"lat":"32.58","lng":"62.01","home":null,"isCity":false,"defaultPriority":null,"defaultUnitType":null,"unitPoints":0,"winPoints":0,"next":[348,356,358]}},
	{"model":"ui.field","pk":360,"fields":{"name":"Bangladesh","type":3,"game":2,"lat":"23.60","lng":"90.35","home":18,"isCity":true,"defaultPriority":1,"defaultUnitType":1,"unitPoints":1,"winPoints":1,"next":[355,356,361,379,385]}},
	{"model":"ui.field","pk":361,"fields":{"name":"Burma","type":3,"game":2,"lat":"19.60","lng":"97.47","home":null,"isCity":true,"defaultPriority":null,"defaultUnitType":null,"unitPoints":0,"winPoints":0,"next":[360,362,363,366,379,385]}},
	{"model":"ui.field","pk":362,"fields":{"name":"Thailand","type":3,"game":2,"lat":"12.81","lng":"99.67","home":10,"isCity":true,"defaultPriority":1,"defaultUnitType":2,"unitPoints":1,"winPoints":1,"next":[361,363,364,385]}},
	{"model":"ui.field","pk":363,"fields":{"name":"Vietnam","type":3,"game":2,"lat":"12.47","lng":"106.79","home":null,"isCity":false,"defaultPriority":null,"defaultUnitType":null,"unitPoints":0,"winPoints":0,"next":[361,362,366,386]}},
	{"model":"ui.field","pk":364,"fields":{"name":"Malaysia","type":3,"game":2,"lat":"-0.70","lng":"101.73","home":10,"isCity":true,"defaultPriority":2,"defaultUnitType":2,"unitPoints":1,"winPoints":1,"next":[362,385,386,387,391]}},
	{"model":"ui.field","pk":365,"fields":{"name":"Kazakhstan","type":2,"game":2,"lat":"47.87","lng":"60.47","home":null,"isCity":false,"defaultPriority":null,"defaultUnitType":null,"unitPoints":0,"winPoints":0,"next":[299,300,353,358,374]}},
	{"model":"ui.field","pk":366,"fields":{"name":"Shenzen","type":3,"game":2,"lat":"22.63","lng":"113.91","home":null,"isCity":true,"defaultPriority":null,"defaultUnitType":null,"unitPoints":0,"winPoints":0,"next":[361,363,379,380,386,388]}},
	{"model":"ui.field","pk":367,"fields":{"name":"Korea","type":3,"game":2,"lat":"38.07","lng":"126.78","home":null,"isCity":false,"defaultPriority":null,"defaultUnitType":null,"unitPoints":0,"winPoints":0,"next":[368,369,388]}},
	{"model":"ui.field","pk":368,"fields":{"name":"Sea of Japan","type":1,"game":2,"lat":"39.91","lng":"134.47","home":null,"isCity":false,"defaultPriority":null,"defaultUnitType":null,"unitPoints":0,"winPoints":0,"next":[297,367,369,388]}},
	{"model":"ui.field","pk":369,"fields":{"name":"Vladivostok","type":3,"game":2,"lat":"44.15","lng":"133.51","home":16,"isCity":true,"defaultPriority":2,"defaultUnitType":1,"unitPoints":1,"winPoints":1,"next":[367,368,370,371,372,375,376,382]}},
	{"model":"ui.field","pk":370,"fields":{"name":"Mazadam","type":3,"game":2,"lat":"62.65","lng":"151.26","home":null,"isCity":false,"defaultPriority":null,"defaultUnitType":null,"unitPoints":0,"winPoints":0,"next":[296,369,371,372]}},
	{"model":"ui.field","pk":371,"fields":{"name":"Sea of Okhotsk","type":1,"game":2,"lat":"52.03","lng":"150.12","home":null,"isCity":false,"defaultPriority":null,"defaultUnitType":null,"unitPoints":0,"winPoints":0,"next":[296,297,369,370,453,456]}},
	{"model":"ui.field","pk":372,"fields":{"name":"Yakutsk","type":2,"game":2,"lat":"66.55","lng":"129.11","home":16,"isCity":true,"defaultPriority":3,"defaultUnitType":1,"unitPoints":1,"winPoints":1,"next":[369,370,373,376]}},
	{"model":"ui.field","pk":373,"fields":{"name":"Rossia","type":2,"game":2,"lat":"65.37","lng":"95.19","home":null,"isCity":true,"defaultPriority":null,"defaultUnitType":null,"unitPoints":0,"winPoints":0,"next":[299,372,376,377]}},
	{"model":"ui.field","pk":374,"fields":{"name":"Astana","type":2,"game":2,"lat":"50.90","lng":"73.21","home":23,"isCity":true,"defaultPriority":3,"defaultUnitType":1,"unitPoints":1,"winPoints":1,"next":[299,358,365,377,381]}},
	{"model":"ui.field","pk":375,"fields":{"name":"Mongolia","type":2,"game":2,"lat":"46.98","lng":"102.92","home":null,"isCity":false,"defaultPriority":null,"defaultUnitType":null,"unitPoints":0,"winPoints":0,"next":[369,376,377,379,381,382]}},
	{"model":"ui.field","pk":376,"fields":{"name":"Irkutsk","type":2,"game":2,"lat":"54.06","lng":"114.26","home":null,"isCity":false,"defaultPriority":null,"defaultUnitType":null,"unitPoints":0,"winPoints":0,"next":[369,372,373,375,377]}},
	{"model":"ui.field","pk":377,"fields":{"name":"Krasnojarsk","type":2,"game":2,"lat":"53.57","lng":"90.83","home":null,"isCity":false,"defaultPriority":null,"defaultUnitType":null,"unitPoints":0,"winPoints":0,"next":[373,374,375,376,381]}},
	{"model":"ui.field","pk":379,"fields":{"name":"Central China","type":2,"game":2,"lat":"32.03","lng":"97.38","home":null,"isCity":true,"defaultPriority":null,"defaultUnitType":null,"unitPoints":0,"winPoints":0,"next":[360,361,366,375,380,381,382]}},
	{"model":"ui.field","pk":380,"fields":{"name":"East China","type":3,"game":2,"lat":"32.21","lng":"112.10","home":null,"isCity":false,"defaultPriority":null,"defaultUnitType":null,"unitPoints":0,"winPoints":0,"next":[366,379,382,388]}},
	{"model":"ui.field","pk":381,"fields":{"name":"West China","type":2,"game":2,"lat":"38.62","lng":"82.22","home":null,"isCity":false,"defaultPriority":null,"defaultUnitType":null,"unitPoints":0,"winPoints":0,"next":[356,358,374,375,377,379]}},
	{"model":"ui.field","pk":382,"fields":{"name":"BeiJing","type":3,"game":2,"lat":"39.61","lng":"116.32","home":16,"isCity":true,"defaultPriority":1,"defaultUnitType":1,"unitPoints":1,"winPoints":1,"next":[369,375,379,380,388]}},
	{"model":"ui.field","pk":383,"fields":{"name":"Borneo","type":3,"game":2,"lat":"0.35","lng":"114.52","home":null,"isCity":true,"defaultPriority":null,"defaultUnitType":null,"unitPoints":0,"winPoints":0,"next":[386,387]}},
	{"model":"ui.field","pk":384,"fields":{"name":"Philippines","type":3,"game":2,"lat":"11.95","lng":"123.31","home":10,"isCity":true,"defaultPriority":3,"defaultUnitType":2,"unitPoints":1,"winPoints":1,"next":[386,387,388,456,457]}},
	{"model":"ui.field","pk":385,"fields":{"name":"Bengal Bay","type":1,"game":2,"lat":"3.47","lng":"86.53","home":null,"isCity":false,"defaultPriority":null,"defaultUnitType":null,"unitPoints":0,"winPoints":0,"next":[350,355,360,361,362,364,391,394]}},
	{"model":"ui.field","pk":386,"fields":{"name":"South China sea","type":1,"game":2,"lat":"9.02","lng":"113.25","home":null,"isCity":false,"defaultPriority":null,"defaultUnitType":null,"unitPoints":0,"winPoints":0,"next":[363,364,366,383,384,388]}},
	{"model":"ui.field","pk":387,"fields":{"name":"Java sea","type":1,"game":2,"lat":"-5.83","lng":"124.15","home":null,"isCity":false,"defaultPriority":null,"defaultUnitType":null,"unitPoints":0,"winPoints":0,"next":[364,383,384,391,395,397,398,452]}},
	{"model":"ui.field","pk":388,"fields":{"name":"Yellow sea","type":1,"game":2,"lat":"30.22","lng":"125.60","home":null,"isCity":false,"defaultPriority":null,"defaultUnitType":null,"unitPoints":0,"winPoints":0,"next":[297,366,367,368,380,382,384,386,456]}},
	{"model":"ui.field","pk":389,"fields":{"name":"Indian Ocean northwest","type":1,"game":2,"lat":"-6.23","lng":"49.13","home":null,"isCity":false,"defaultPriority":null,"defaultUnitType":null,"unitPoints":0,"winPoints":0,"next":[326,329,336,337,338,350,391,394]}},
	{"model":"ui.field","pk":390,"fields":{"name":"Indian Ocean southwest","type":1,"game":2,"lat":"-40.91","lng":"32.17","home":null,"isCity":false,"defaultPriority":null,"defaultUnitType":null,"unitPoints":0,"winPoints":0,"next":[334,336,338,392,393,403,451]}},
	{"model":"ui.field","pk":391,"fields":{"name":"Indian Ocean northeast","type":1,"game":2,"lat":"-16.47","lng":"83.06","home":null,"isCity":false,"defaultPriority":null,"defaultUnitType":null,"unitPoints":0,"winPoints":0,"next":[336,364,385,387,389,392,394,396]}},
	{"model":"ui.field","pk":392,"fields":{"name":"Indian Ocean southeash","type":1,"game":2,"lat":"-45.71","lng":"78.66","home":null,"isCity":false,"defaultPriority":null,"defaultUnitType":null,"unitPoints":0,"winPoints":0,"next":[336,390,391,393,396,426]}},
	{"model":"ui.field","pk":393,"fields":{"name":"French Southern and Antarctic Territories","type":3,"game":2,"lat":"-49.50","lng":"69.57","home":null,"isCity":true,"defaultPriority":null,"defaultUnitType":null,"unitPoints":0,"winPoints":0,"next":[390,392,426,451]}},
	{"model":"ui.field","pk":394,"fields":{"name":"Maldives","type":3,"game":2,"lat":"-5.13","lng":"72.42","home":null,"isCity":true,"defaultPriority":null,"defaultUnitType":null,"unitPoints":0,"winPoints":0,"next":[350,385,389,391]}},
	{"model":"ui.field","pk":395,"fields":{"name":"Papua New Guinea","type":3,"game":2,"lat":"-5.88","lng":"141.33","home":null,"isCity":true,"defaultPriority":null,"defaultUnitType":null,"unitPoints":0,"winPoints":0,"next":[387,452,457,458]}},
	{"model":"ui.field","pk":396,"fields":{"name":"Western Australia","type":3,"game":2,"lat":"-28.73","lng":"120.72","home":22,"isCity":true,"defaultPriority":1,"defaultUnitType":2,"unitPoints":1,"winPoints":1,"next":[391,392,397,399,426]}},
	{"model":"ui.field","pk":397,"fields":{"name":"Northern Territory","type":3,"game":2,"lat":"-19.27","lng":"133.59","home":22,"isCity":true,"defaultPriority":2,"defaultUnitType":2,"unitPoints":1,"winPoints":1,"next":[387,396,398,401]}},
	{"model":"ui.field","pk":398,"fields":{"name":"Queensland","type":3,"game":2,"lat":"-23.56","lng":"143.92","home":null,"isCity":false,"defaultPriority":null,"defaultUnitType":null,"unitPoints":0,"winPoints":0,"next":[387,397,400,401,452]}},
	{"model":"ui.field","pk":399,"fields":{"name":"South Australia","type":3,"game":2,"lat":"-30.64","lng":"136.10","home":null,"isCity":false,"defaultPriority":null,"defaultUnitType":null,"unitPoints":0,"winPoints":0,"next":[396,400,401,426]}},
	{"model":"ui.field","pk":400,"fields":{"name":"New South Wales","type":3,"game":2,"lat":"-33.47","lng":"146.69","home":null,"isCity":false,"defaultPriority":null,"defaultUnitType":null,"unitPoints":0,"winPoints":0,"next":[398,399,427,452]}},
	{"model":"ui.field","pk":401,"fields":{"name":"Central Australia","type":2,"game":2,"lat":"-26.27","lng":"137.86","home":null,"isCity":false,"defaultPriority":null,"defaultUnitType":null,"unitPoints":0,"winPoints":0,"next":[397,398,399]}},
	{"model":"ui.field","pk":403,"fields":{"name":"Atlantic Ocean southeast","type":1,"game":2,"lat":"-30.45","lng":"1.76","home":null,"isCity":false,"defaultPriority":null,"defaultUnitType":null,"unitPoints":0,"winPoints":0,"next":[318,333,334,335,340,390,451]}},
	{"model":"ui.field","pk":404,"fields":{"name":"Boston","type":3,"game":2,"lat":"42.03","lng":"288.33","home":20,"isCity":true,"defaultPriority":1,"defaultUnitType":1,"unitPoints":1,"winPoints":1,"next":[307,308,405,420,421]}},
	{"model":"ui.field","pk":405,"fields":{"name":"Washington","type":3,"game":2,"lat":"38.62","lng":"283.05","home":20,"isCity":true,"defaultPriority":2,"defaultUnitType":1,"unitPoints":1,"winPoints":1,"next":[307,404,406,422]}},
	{"model":"ui.field","pk":406,"fields":{"name":"Atlanta","type":3,"game":2,"lat":"32.81","lng":"276.24","home":20,"isCity":true,"defaultPriority":3,"defaultUnitType":2,"unitPoints":1,"winPoints":1,"next":[307,309,405,407,422]}},
	{"model":"ui.field","pk":407,"fields":{"name":"Texas","type":3,"game":2,"lat":"30.98","lng":"262.75","home":null,"isCity":false,"defaultPriority":null,"defaultUnitType":null,"unitPoints":0,"winPoints":0,"next":[309,406,408,422,424]}},
	{"model":"ui.field","pk":408,"fields":{"name":"Mexico east","type":3,"game":2,"lat":"22.80","lng":"260.86","home":null,"isCity":false,"defaultPriority":null,"defaultUnitType":null,"unitPoints":0,"winPoints":0,"next":[309,407,411]}},
	{"model":"ui.field","pk":409,"fields":{"name":"Mexico west","type":3,"game":2,"lat":"26.94","lng":"253.04","home":null,"isCity":true,"defaultPriority":null,"defaultUnitType":null,"unitPoints":0,"winPoints":0,"next":[412,413,424,455,460]}},
	{"model":"ui.field","pk":410,"fields":{"name":"Panama","type":3,"game":2,"lat":"8.58","lng":"279.76","home":null,"isCity":false,"defaultPriority":null,"defaultUnitType":null,"unitPoints":0,"winPoints":0,"next":[310,411,412,439,440,460]}},
	{"model":"ui.field","pk":411,"fields":{"name":"Yucatan","type":3,"game":2,"lat":"19.60","lng":"270.83","home":null,"isCity":true,"defaultPriority":null,"defaultUnitType":null,"unitPoints":0,"winPoints":0,"next":[309,310,408,410]}},
	{"model":"ui.field","pk":412,"fields":{"name":"Mexico south","type":3,"game":2,"lat":"16.26","lng":"263.19","home":null,"isCity":false,"defaultPriority":null,"defaultUnitType":null,"unitPoints":0,"winPoints":0,"next":[409,410,460]}},
	{"model":"ui.field","pk":413,"fields":{"name":"Las Vegas","type":3,"game":2,"lat":"35.68","lng":"245.04","home":24,"isCity":true,"defaultPriority":3,"defaultUnitType":1,"unitPoints":1,"winPoints":1,"next":[409,414,424,455]}},
	{"model":"ui.field","pk":414,"fields":{"name":"Seattle","type":3,"game":2,"lat":"47.34","lng":"238.14","home":24,"isCity":true,"defaultPriority":2,"defaultUnitType":1,"unitPoints":1,"winPoints":1,"next":[413,415,423,454,455]}},
	{"model":"ui.field","pk":415,"fields":{"name":"Edmonton","type":3,"game":2,"lat":"53.57","lng":"245.92","home":19,"isCity":true,"defaultPriority":1,"defaultUnitType":1,"unitPoints":1,"winPoints":1,"next":[414,417,418,423,425,454]}},
	{"model":"ui.field","pk":417,"fields":{"name":"Alaska","type":3,"game":2,"lat":"62.31","lng":"210.50","home":19,"isCity":true,"defaultPriority":3,"defaultUnitType":2,"unitPoints":1,"winPoints":1,"next":[415,418,453,454]}},
	{"model":"ui.field","pk":418,"fields":{"name":"NorthWest territoria","type":2,"game":2,"lat":"62.88","lng":"238.93","home":null,"isCity":false,"defaultPriority":null,"defaultUnitType":null,"unitPoints":0,"winPoints":0,"next":[415,417,419,425]}},
	{"model":"ui.field","pk":419,"fields":{"name":"Nanavut","type":3,"game":2,"lat":"63.31","lng":"262.00","home":null,"isCity":false,"defaultPriority":null,"defaultUnitType":null,"unitPoints":0,"winPoints":0,"next":[289,418,420,425]}},
	{"model":"ui.field","pk":420,"fields":{"name":"Ontario","type":3,"game":2,"lat":"50.37","lng":"271.19","home":null,"isCity":true,"defaultPriority":null,"defaultUnitType":null,"unitPoints":0,"winPoints":0,"next":[404,419,421,422,423,425]}},
	{"model":"ui.field","pk":421,"fields":{"name":"Quebec","type":3,"game":2,"lat":"54.62","lng":"287.71","home":19,"isCity":true,"defaultPriority":2,"defaultUnitType":2,"unitPoints":1,"winPoints":1,"next":[289,308,404,420]}},
	{"model":"ui.field","pk":422,"fields":{"name":"Kansas","type":2,"game":2,"lat":"39.13","lng":"265.43","home":null,"isCity":false,"defaultPriority":null,"defaultUnitType":null,"unitPoints":0,"winPoints":0,"next":[405,406,407,420,424]}},
	{"model":"ui.field","pk":423,"fields":{"name":"Montana","type":2,"game":2,"lat":"46.56","lng":"250.66","home":24,"isCity":true,"defaultPriority":1,"defaultUnitType":1,"unitPoints":1,"winPoints":1,"next":[414,415,420,424,425]}},
	{"model":"ui.field","pk":424,"fields":{"name":"Colorado","type":2,"game":2,"lat":"38.13","lng":"255.81","home":null,"isCity":false,"defaultPriority":null,"defaultUnitType":null,"unitPoints":0,"winPoints":0,"next":[407,409,413,422,423]}},
	{"model":"ui.field","pk":425,"fields":{"name":"Saskatchewan","type":2,"game":2,"lat":"55.15","lng":"254.79","home":null,"isCity":false,"defaultPriority":null,"defaultUnitType":null,"unitPoints":0,"winPoints":0,"next":[415,418,419,420,423]}},
	{"model":"ui.field","pk":426,"fields":{"name":"Australian Bay","type":1,"game":2,"lat":"-52.38","lng":"117.95","home":null,"isCity":false,"defaultPriority":null,"defaultUnitType":null,"unitPoints":0,"winPoints":0,"next":[392,393,396,399,427]}},
	{"model":"ui.field","pk":427,"fields":{"name":"Tasman sea","type":1,"game":2,"lat":"-48.81","lng":"157.50","home":null,"isCity":false,"defaultPriority":null,"defaultUnitType":null,"unitPoints":0,"winPoints":0,"next":[400,426,428,452,463]}},
	{"model":"ui.field","pk":428,"fields":{"name":"New Zealand","type":3,"game":2,"lat":"-39.13","lng":"175.87","home":22,"isCity":true,"defaultPriority":3,"defaultUnitType":2,"unitPoints":1,"winPoints":1,"next":[427,452,463]}},
	{"model":"ui.field","pk":429,"fields":{"name":"Viti","type":3,"game":2,"lat":"-17.85","lng":"178.24","home":null,"isCity":true,"defaultPriority":null,"defaultUnitType":null,"unitPoints":0,"winPoints":0,"next":[452,458,461,463]}},
	{"model":"ui.field","pk":430,"fields":{"name":"AdamsTown","type":3,"game":2,"lat":"-25.17","lng":"229.92","home":null,"isCity":true,"defaultPriority":null,"defaultUnitType":null,"unitPoints":0,"winPoints":0,"next":[432,461,462,463]}},
	{"model":"ui.field","pk":431,"fields":{"name":"Chile","type":3,"game":2,"lat":"-34.02","lng":"289.34","home":12,"isCity":true,"defaultPriority":1,"defaultUnitType":1,"unitPoints":1,"winPoints":1,"next":[442,445,448,462,1628]}},
	{"model":"ui.field","pk":432,"fields":{"name":"Pacific Ocean east","type":1,"game":2,"lat":"-8.41","lng":"240.12","home":null,"isCity":false,"defaultPriority":null,"defaultUnitType":null,"unitPoints":0,"winPoints":0,"next":[430,455,459,460,461,462]}},
	{"model":"ui.field","pk":434,"fields":{"name":"Uruguay","type":3,"game":2,"lat":"-33.10","lng":"304.01","home":12,"isCity":true,"defaultPriority":3,"defaultUnitType":1,"unitPoints":1,"winPoints":1,"next":[340,447,448,449,450,1628]}},
	{"model":"ui.field","pk":435,"fields":{"name":"Brasilia","type":3,"game":2,"lat":"-16.00","lng":"312.14","home":14,"isCity":true,"defaultPriority":3,"defaultUnitType":1,"unitPoints":1,"winPoints":1,"next":[436,437,444,447,450]}},
	{"model":"ui.field","pk":436,"fields":{"name":"Sau Luis","type":3,"game":2,"lat":"-3.29","lng":"315.09","home":14,"isCity":true,"defaultPriority":1,"defaultUnitType":1,"unitPoints":1,"winPoints":1,"next":[311,435,437,438,443,444]}},
	{"model":"ui.field","pk":437,"fields":{"name":"Natal","type":3,"game":2,"lat":"-5.97","lng":"324.45","home":14,"isCity":true,"defaultPriority":2,"defaultUnitType":2,"unitPoints":1,"winPoints":1,"next":[311,318,435,436,450]}},
	{"model":"ui.field","pk":438,"fields":{"name":"Georgetown","type":3,"game":2,"lat":"6.23","lng":"301.64","home":null,"isCity":true,"defaultPriority":null,"defaultUnitType":null,"unitPoints":0,"winPoints":0,"next":[311,436,439,443]}},
	{"model":"ui.field","pk":439,"fields":{"name":"Caracas","type":3,"game":2,"lat":"9.84","lng":"292.98","home":21,"isCity":true,"defaultPriority":1,"defaultUnitType":2,"unitPoints":1,"winPoints":1,"next":[310,311,410,438,443]}},
	{"model":"ui.field","pk":440,"fields":{"name":"Colombia","type":3,"game":2,"lat":"2.86","lng":"284.68","home":21,"isCity":true,"defaultPriority":2,"defaultUnitType":1,"unitPoints":1,"winPoints":1,"next":[410,441,443,460]}},
	{"model":"ui.field","pk":441,"fields":{"name":"Ecuador","type":3,"game":2,"lat":"-1.71","lng":"281.69","home":21,"isCity":true,"defaultPriority":3,"defaultUnitType":2,"unitPoints":1,"winPoints":1,"next":[440,442,460]}},
	{"model":"ui.field","pk":442,"fields":{"name":"Peru","type":3,"game":2,"lat":"-7.80","lng":"283.58","home":null,"isCity":false,"defaultPriority":null,"defaultUnitType":null,"unitPoints":0,"winPoints":0,"next":[431,441,443,445,460,462]}},
	{"model":"ui.field","pk":443,"fields":{"name":"Amazon","type":2,"game":2,"lat":"-2.86","lng":"295.88","home":null,"isCity":false,"defaultPriority":null,"defaultUnitType":null,"unitPoints":0,"winPoints":0,"next":[436,438,439,440,442,444,445]}},
	{"model":"ui.field","pk":444,"fields":{"name":"Culaba","type":2,"game":2,"lat":"-15.54","lng":"303.62","home":null,"isCity":false,"defaultPriority":null,"defaultUnitType":null,"unitPoints":0,"winPoints":0,"next":[435,436,443,445]}},
	{"model":"ui.field","pk":445,"fields":{"name":"Bolivia","type":2,"game":2,"lat":"-16.43","lng":"296.76","home":null,"isCity":false,"defaultPriority":null,"defaultUnitType":null,"unitPoints":0,"winPoints":0,"next":[431,442,443,444,446,448]}},
	{"model":"ui.field","pk":446,"fields":{"name":"Paraguay","type":2,"game":2,"lat":"-23.73","lng":"302.17","home":null,"isCity":true,"defaultPriority":null,"defaultUnitType":null,"unitPoints":0,"winPoints":0,"next":[445,447,448]}},
	{"model":"ui.field","pk":447,"fields":{"name":"Santa Catarina","type":3,"game":2,"lat":"-27.53","lng":"310.34","home":null,"isCity":false,"defaultPriority":null,"defaultUnitType":null,"unitPoints":0,"winPoints":0,"next":[434,435,446,448,450]}},
	{"model":"ui.field","pk":448,"fields":{"name":"Cordoba","type":2,"game":2,"lat":"-30.71","lng":"295.80","home":null,"isCity":false,"defaultPriority":null,"defaultUnitType":null,"unitPoints":0,"winPoints":0,"next":[431,434,445,446,447]}},
	{"model":"ui.field","pk":449,"fields":{"name":"Santa Georgia","type":1,"game":2,"lat":"-54.39","lng":"323.35","home":null,"isCity":false,"defaultPriority":null,"defaultUnitType":null,"unitPoints":0,"winPoints":0,"next":[340,434,451,462,1628]}},
	{"model":"ui.field","pk":450,"fields":{"name":"Atlantic Ocean southwest","type":2,"game":2,"lat":"-28.46","lng":"330.29","home":null,"isCity":false,"defaultPriority":null,"defaultUnitType":null,"unitPoints":0,"winPoints":0,"next":[318,340,434,435,437,447]}},
	{"model":"ui.field","pk":451,"fields":{"name":"Atlantic Ocean southeast","type":1,"game":2,"lat":"-53.12","lng":"10.81","home":null,"isCity":false,"defaultPriority":null,"defaultUnitType":null,"unitPoints":0,"winPoints":0,"next":[340,390,393,403,449]}},
	{"model":"ui.field","pk":452,"fields":{"name":"Coral sea","type":1,"game":2,"lat":"-26.94","lng":"162.29","home":null,"isCity":false,"defaultPriority":null,"defaultUnitType":null,"unitPoints":0,"winPoints":0,"next":[387,395,398,400,427,428,429,458]}},
	{"model":"ui.field","pk":453,"fields":{"name":"Bering sea","type":1,"game":2,"lat":"58.63","lng":"185.80","home":null,"isCity":false,"defaultPriority":null,"defaultUnitType":null,"unitPoints":0,"winPoints":0,"next":[296,371,417,454,456]}},
	{"model":"ui.field","pk":454,"fields":{"name":"Gulf of Alaska","type":1,"game":2,"lat":"47.87","lng":"215.16","home":null,"isCity":false,"defaultPriority":null,"defaultUnitType":null,"unitPoints":0,"winPoints":0,"next":[414,415,417,453,455,456,459]}},
	{"model":"ui.field","pk":455,"fields":{"name":"Pacific Ocean northeast","type":1,"game":2,"lat":"28.61","lng":"227.02","home":null,"isCity":false,"defaultPriority":null,"defaultUnitType":null,"unitPoints":0,"winPoints":0,"next":[409,413,414,432,454,459,460]}},
	{"model":"ui.field","pk":456,"fields":{"name":"Pacific Ocean northwest","type":2,"game":2,"lat":"32.18","lng":"171.39","home":null,"isCity":false,"defaultPriority":null,"defaultUnitType":null,"unitPoints":0,"winPoints":0,"next":[297,371,384,388,453,454,457,458,459]}},
	{"model":"ui.field","pk":457,"fields":{"name":"Micronesia","type":1,"game":2,"lat":"8.15","lng":"151.70","home":null,"isCity":false,"defaultPriority":null,"defaultUnitType":null,"unitPoints":0,"winPoints":0,"next":[384,395,456,458]}},
	{"model":"ui.field","pk":458,"fields":{"name":"Kiribati","type":1,"game":2,"lat":"1.93","lng":"173.23","home":null,"isCity":false,"defaultPriority":null,"defaultUnitType":null,"unitPoints":0,"winPoints":0,"next":[395,429,452,456,457,459,461]}},
	{"model":"ui.field","pk":459,"fields":{"name":"Hawaii","type":1,"game":2,"lat":"20.55","lng":"203.25","home":null,"isCity":false,"defaultPriority":null,"defaultUnitType":null,"unitPoints":0,"winPoints":0,"next":[432,454,455,456,458,461]}},
	{"model":"ui.field","pk":460,"fields":{"name":"Pacific Ocean east","type":1,"game":2,"lat":"1.93","lng":"256.46","home":null,"isCity":false,"defaultPriority":null,"defaultUnitType":null,"unitPoints":0,"winPoints":0,"next":[409,410,412,432,440,441,442,455,462]}},
	{"model":"ui.field","pk":461,"fields":{"name":"Central Pacific Ocean","type":1,"game":2,"lat":"-6.14","lng":"204.43","home":null,"isCity":false,"defaultPriority":null,"defaultUnitType":null,"unitPoints":0,"winPoints":0,"next":[429,430,432,458,459,463]}},
	{"model":"ui.field","pk":462,"fields":{"name":"Pacific Ocean southeast","type":1,"game":2,"lat":"-50.85","lng":"259.80","home":null,"isCity":false,"defaultPriority":null,"defaultUnitType":null,"unitPoints":0,"winPoints":0,"next":[430,431,432,442,449,460,463,1628]}},
	{"model":"ui.field","pk":463,"fields":{"name":"Pacific Ocean southwest","type":1,"game":2,"lat":"-49.50","lng":"201.97","home":null,"isCity":false,"defaultPriority":null,"defaultUnitType":null,"unitPoints":0,"winPoints":0,"next":[427,428,429,430,461,462]}},
	{"model":"ui.field","pk":1628,"fields":{"name":"Argentina","type":3,"game":2,"lat":"-42.62","lng":"293.12","home":12,"isCity":true,"defaultPriority":2,"defaultUnitType":2,"unitPoints":1,"winPoints":1,"next":[431,434,449,462]}}
]
