[
  {
    "model": "ui.game",
    "pk": 2,
    "fields": {
      "name": "World2010",
      "tileServer": "http://{s}.tile.openstreetmap.org/{z}/{x}/{y}.png",
      "winPoints": 20,
      "defaultCommandType": 1,
      "turnMinutes": 1440,
      "status": 1,
      "user": [
        10,
        11,
        12,
        13,
        14,
        15,
        16,
        17,
        18,
        19,
        20,
        21,
        22,
        23,
        24,
        25
      ]
    }
  },
  {
    "model": "auth.user",
    "pk": 10,
    "fields": {
      "password": "pbkdf2_sha256$1000000$world2010hash$encrypted",
      "last_login": null,
      "is_superuser": false,
      "username": "indonesie",
      "first_name": "",
      "last_name": "",
      "email": "",
      "is_staff": false,
      "is_active": true,
      "date_joined": "2024-10-24T12:00:00Z",
      "groups": [],
      "user_permissions": []
    }
  },
  {
    "model": "ui.country",
    "pk": 10,
    "fields": {
      "name": "Indonesie",
      "game": 2,
      "color": "#002480",
      "fgcolor": "white",
      "lat": "50.00",
      "lng": "10.00",
      "owner": 10
    }
  },
  {
    "model": "auth.user",
    "pk": 11,
    "fields": {
      "password": "pbkdf2_sha256$1000000$world2010hash$encrypted",
      "last_login": null,
      "is_superuser": false,
      "username": "evropa",
      "first_name": "",
      "last_name": "",
      "email": "",
      "is_staff": false,
      "is_active": true,
      "date_joined": "2024-10-24T12:00:00Z",
      "groups": [],
      "user_permissions": []
    }
  },
  {
    "model": "ui.country",
    "pk": 11,
    "fields": {
      "name": "Evropa",
      "game": 2,
      "color": "#f854f8",
      "fgcolor": "black",
      "lat": "50.00",
      "lng": "10.00",
      "owner": 11
    }
  },
  {
    "model": "auth.user",
    "pk": 12,
    "fields": {
      "password": "pbkdf2_sha256$1000000$world2010hash$encrypted",
      "last_login": null,
      "is_superuser": false,
      "username": "argentina",
      "first_name": "",
      "last_name": "",
      "email": "",
      "is_staff": false,
      "is_active": true,
      "date_joined": "2024-10-24T12:00:00Z",
      "groups": [],
      "user_permissions": []
    }
  },
  {
    "model": "ui.country",
    "pk": 12,
    "fields": {
      "name": "Argentina",
      "game": 2,
      "color": "#0000fc",
      "fgcolor": "white",
      "lat": "50.00",
      "lng": "10.00",
      "owner": 12
    }
  },
  {
    "model": "auth.user",
    "pk": 13,
    "fields": {
      "password": "pbkdf2_sha256$1000000$world2010hash$encrypted",
      "last_login": null,
      "is_superuser": false,
      "username": "arabie",
      "first_name": "",
      "last_name": "",
      "email": "",
      "is_staff": false,
      "is_active": true,
      "date_joined": "2024-10-24T12:00:00Z",
      "groups": [],
      "user_permissions": []
    }
  },
  {
    "model": "ui.country",
    "pk": 13,
    "fields": {
      "name": "Arabie",
      "game": 2,
      "color": "#f8fc50",
      "fgcolor": "black",
      "lat": "50.00",
      "lng": "10.00",
      "owner": 13
    }
  },
  {
    "model": "auth.user",
    "pk": 14,
    "fields": {
      "password": "pbkdf2_sha256$1000000$world2010hash$encrypted",
      "last_login": null,
      "is_superuser": false,
      "username": "brazilie",
      "first_name": "",
      "last_name": "",
      "email": "",
      "is_staff": false,
      "is_active": true,
      "date_joined": "2024-10-24T12:00:00Z",
      "groups": [],
      "user_permissions": []
    }
  },
  {
    "model": "ui.country",
    "pk": 14,
    "fields": {
      "name": "Brazilie",
      "game": 2,
      "color": "#00a800",
      "fgcolor": "white",
      "lat": "50.00",
      "lng": "10.00",
      "owner": 14
    }
  },
  {
    "model": "auth.user",
    "pk": 15,
    "fields": {
      "password": "pbkdf2_sha256$1000000$world2010hash$encrypted",
      "last_login": null,
      "is_superuser": false,
      "username": "alzir",
      "first_name": "",
      "last_name": "",
      "email": "",
      "is_staff": false,
      "is_active": true,
      "date_joined": "2024-10-24T12:00:00Z",
      "groups": [],
      "user_permissions": []
    }
  },
  {
    "model": "ui.country",
    "pk": 15,
    "fields": {
      "name": "Alzir",
      "game": 2,
      "color": "#50fc50",
      "fgcolor": "black",
      "lat": "50.00",
      "lng": "10.00",
      "owner": 15
    }
  },
  {
    "model": "auth.user",
    "pk": 16,
    "fields": {
      "password": "pbkdf2_sha256$1000000$world2010hash$encrypted",
      "last_login": null,
      "is_superuser": false,
      "username": "mongolsko",
      "first_name": "",
      "last_name": "",
      "email": "",
      "is_staff": false,
      "is_active": true,
      "date_joined": "2024-10-24T12:00:00Z",
      "groups": [],
      "user_permissions": []
    }
  },
  {
    "model": "ui.country",
    "pk": 16,
    "fields": {
      "name": "Mongolsko",
      "game": 2,
      "color": "#780078",
      "fgcolor": "white",
      "lat": "50.00",
      "lng": "10.00",
      "owner": 16
    }
  },
  {
    "model": "auth.user",
    "pk": 17,
    "fields": {
      "password": "pbkdf2_sha256$1000000$world2010hash$encrypted",
      "last_login": null,
      "is_superuser": false,
      "username": "somalsko",
      "first_name": "",
      "last_name": "",
      "email": "",
      "is_staff": false,
      "is_active": true,
      "date_joined": "2024-10-24T12:00:00Z",
      "groups": [],
      "user_permissions": []
    }
  },
  {
    "model": "ui.country",
    "pk": 17,
    "fields": {
      "name": "Somalsko",
      "game": 2,
      "color": "#00fcf8",
      "fgcolor": "black",
      "lat": "50.00",
      "lng": "10.00",
      "owner": 17
    }
  },
  {
    "model": "auth.user",
    "pk": 18,
    "fields": {
      "password": "pbkdf2_sha256$1000000$world2010hash$encrypted",
      "last_login": null,
      "is_superuser": false,
      "username": "indie",
      "first_name": "",
      "last_name": "",
      "email": "",
      "is_staff": false,
      "is_active": true,
      "date_joined": "2024-10-24T12:00:00Z",
      "groups": [],
      "user_permissions": []
    }
  },
  {
    "model": "ui.country",
    "pk": 18,
    "fields": {
      "name": "Indie",
      "game": 2,
      "color": "#9494f8",
      "fgcolor": "black",
      "lat": "50.00",
      "lng": "10.00",
      "owner": 18
    }
  },
  {
    "model": "auth.user",
    "pk": 19,
    "fields": {
      "password": "pbkdf2_sha256$1000000$world2010hash$encrypted",
      "last_login": null,
      "is_superuser": false,
      "username": "kanada",
      "first_name": "",
      "last_name": "",
      "email": "",
      "is_staff": false,
      "is_active": true,
      "date_joined": "2024-10-24T12:00:00Z",
      "groups": [],
      "user_permissions": []
    }
  },
  {
    "model": "ui.country",
    "pk": 19,
    "fields": {
      "name": "Kanada",
      "game": 2,
      "color": "#00a8a8",
      "fgcolor": "white",
      "lat": "50.00",
      "lng": "10.00",
      "owner": 19
    }
  },
  {
    "model": "auth.user",
    "pk": 20,
    "fields": {
      "password": "pbkdf2_sha256$1000000$world2010hash$encrypted",
      "last_login": null,
      "is_superuser": false,
      "username": "amerika",
      "first_name": "",
      "last_name": "",
      "email": "",
      "is_staff": false,
      "is_active": true,
      "date_joined": "2024-10-24T12:00:00Z",
      "groups": [],
      "user_permissions": []
    }
  },
  {
    "model": "ui.country",
    "pk": 20,
    "fields": {
      "name": "Amerika",
      "game": 2,
      "color": "#f88c88",
      "fgcolor": "black",
      "lat": "50.00",
      "lng": "10.00",
      "owner": 20
    }
  },
  {
    "model": "auth.user",
    "pk": 21,
    "fields": {
      "password": "pbkdf2_sha256$1000000$world2010hash$encrypted",
      "last_login": null,
      "is_superuser": false,
      "username": "aztekove",
      "first_name": "",
      "last_name": "",
      "email": "",
      "is_staff": false,
      "is_active": true,
      "date_joined": "2024-10-24T12:00:00Z",
      "groups": [],
      "user_permissions": []
    }
  },
  {
    "model": "ui.country",
    "pk": 21,
    "fields": {
      "name": "Aztekove",
      "game": 2,
      "color": "#a800a8",
      "fgcolor": "white",
      "lat": "50.00",
      "lng": "10.00",
      "owner": 21
    }
  },
  {
    "model": "auth.user",
    "pk": 22,
    "fields": {
      "password": "pbkdf2_sha256$1000000$world2010hash$encrypted",
      "last_login": null,
      "is_superuser": false,
      "username": "australie",
      "first_name": "",
      "last_name": "",
      "email": "",
      "is_staff": false,
      "is_active": true,
      "date_joined": "2024-10-24T12:00:00Z",
      "groups": [],
      "user_permissions": []
    }
  },
  {
    "model": "ui.country",
    "pk": 22,
    "fields": {
      "name": "Australie",
      "game": 2,
      "color": "#d8cca0",
      "fgcolor": "black",
      "lat": "50.00",
      "lng": "10.00",
      "owner": 22
    }
  },
  {
    "model": "auth.user",
    "pk": 23,
    "fields": {
      "password": "pbkdf2_sha256$1000000$world2010hash$encrypted",
      "last_login": null,
      "is_superuser": false,
      "username": "rusko",
      "first_name": "",
      "last_name": "",
      "email": "",
      "is_staff": false,
      "is_active": true,
      "date_joined": "2024-10-24T12:00:00Z",
      "groups": [],
      "user_permissions": []
    }
  },
  {
    "model": "ui.country",
    "pk": 23,
    "fields": {
      "name": "Rusko",
      "game": 2,
      "color": "#a80000",
      "fgcolor": "white",
      "lat": "50.00",
      "lng": "10.00",
      "owner": 23
    }
  },
  {
    "model": "auth.user",
    "pk": 24,
    "fields": {
      "password": "pbkdf2_sha256$1000000$world2010hash$encrypted",
      "last_login": null,
      "is_superuser": false,
      "username": "siouxove",
      "first_name": "",
      "last_name": "",
      "email": "",
      "is_staff": false,
      "is_active": true,
      "date_joined": "2024-10-24T12:00:00Z",
      "groups": [],
      "user_permissions": []
    }
  },
  {
    "model": "ui.country",
    "pk": 24,
    "fields": {
      "name": "Siouxove",
      "game": 2,
      "color": "#886800",
      "fgcolor": "white",
      "lat": "50.00",
      "lng": "10.00",
      "owner": 24
    }
  },
  {
    "model": "auth.user",
    "pk": 25,
    "fields": {
      "password": "pbkdf2_sha256$1000000$world2010hash$encrypted",
      "last_login": null,
      "is_superuser": false,
      "username": "zimbabwe",
      "first_name": "",
      "last_name": "",
      "email": "",
      "is_staff": false,
      "is_active": true,
      "date_joined": "2024-10-24T12:00:00Z",
      "groups": [],
      "user_permissions": []
    }
  },
  {
    "model": "ui.country",
    "pk": 25,
    "fields": {
      "name": "Zimbabwe",
      "game": 2,
      "color": "#f8d0f8",
      "fgcolor": "black",
      "lat": "50.00",
      "lng": "10.00",
      "owner": 25
    }
  },
  {
    "model": "ui.field",
    "pk": 100,
    "fields": {
      "name": "Iceland",
      "type": 2,
      "game": 2,
      "lat": "43.2",
      "lng": "-14.8",
      "home": null,
      "isCity": false,
      "defaultPriority": null,
      "defaultUnitType": null,
      "unitPoints": 0,
      "winPoints": 0,
      "next": [
        101,
        155,
        158,
        234
      ]
    }
  },
  {
    "model": "ui.field",
    "pk": 101,
    "fields": {
      "name": "Norway",
      "type": 3,
      "game": 2,
      "lat": "50.4",
      "lng": "-8.4",
      "home": null,
      "isCity": true,
      "defaultPriority": 1,
      "defaultUnitType": 1,
      "unitPoints": 1,
      "winPoints": 1,
      "next": [
        100,
        102,
        103,
        104,
        231,
        234
      ]
    }
  },
  {
    "model": "ui.field",
    "pk": 102,
    "fields": {
      "name": "Finland",
      "type": 3,
      "game": 2,
      "lat": "55.5",
      "lng": "-1.2",
      "home": null,
      "isCity": true,
      "defaultPriority": 2,
      "defaultUnitType": 1,
      "unitPoints": 1,
      "winPoints": 1,
      "next": [
        101,
        103,
        104,
        105,
        107,
        232,
        234
      ]
    }
  },
  {
    "model": "ui.field",
    "pk": 103,
    "fields": {
      "name": "Sweden",
      "type": 2,
      "game": 2,
      "lat": "47.1",
      "lng": "3.2",
      "home": null,
      "isCity": false,
      "defaultPriority": null,
      "defaultUnitType": null,
      "unitPoints": 0,
      "winPoints": 0,
      "next": [
        101,
        102,
        104,
        107,
        108,
        234
      ]
    }
  },
  {
    "model": "ui.field",
    "pk": 104,
    "fields": {
      "name": "Denmark",
      "type": 2,
      "game": 2,
      "lat": "51.9",
      "lng": "6.4",
      "home": null,
      "isCity": false,
      "defaultPriority": null,
      "defaultUnitType": null,
      "unitPoints": 0,
      "winPoints": 0,
      "next": [
        101,
        102,
        103,
        107,
        108,
        232,
        234
      ]
    }
  },
  {
    "model": "ui.field",
    "pk": 105,
    "fields": {
      "name": "Britain",
      "type": 3,
      "game": 2,
      "lat": "68.1",
      "lng": "4.0",
      "home": null,
      "isCity": true,
      "defaultPriority": 3,
      "defaultUnitType": 1,
      "unitPoints": 1,
      "winPoints": 1,
      "next": [
        102,
        106,
        107,
        229,
        232
      ]
    }
  },
  {
    "model": "ui.field",
    "pk": 106,
    "fields": {
      "name": "Ireland",
      "type": 2,
      "game": 2,
      "lat": "68.7",
      "lng": "15.2",
      "home": null,
      "isCity": false,
      "defaultPriority": null,
      "defaultUnitType": null,
      "unitPoints": 0,
      "winPoints": 0,
      "next": [
        105,
        107,
        109,
        110,
        232
      ]
    }
  },
  {
    "model": "ui.field",
    "pk": 107,
    "fields": {
      "name": "Netherlands",
      "type": 2,
      "game": 2,
      "lat": "58.2",
      "lng": "11.6",
      "home": null,
      "isCity": false,
      "defaultPriority": null,
      "defaultUnitType": null,
      "unitPoints": 0,
      "winPoints": 0,
      "next": [
        102,
        103,
        104,
        105,
        106,
        108,
        110,
        232
      ]
    }
  },
  {
    "model": "ui.field",
    "pk": 108,
    "fields": {
      "name": "Belgium",
      "type": 3,
      "game": 2,
      "lat": "47.7",
      "lng": "14.4",
      "home": null,
      "isCity": true,
      "defaultPriority": 0,
      "defaultUnitType": 1,
      "unitPoints": 1,
      "winPoints": 0,
      "next": [
        103,
        104,
        107,
        110,
        235,
        236
      ]
    }
  },
  {
    "model": "ui.field",
    "pk": 109,
    "fields": {
      "name": "Germany",
      "type": 2,
      "game": 2,
      "lat": "68.7",
      "lng": "29.6",
      "home": null,
      "isCity": false,
      "defaultPriority": null,
      "defaultUnitType": null,
      "unitPoints": 0,
      "winPoints": 0,
      "next": [
        106,
        110,
        111
      ]
    }
  },
  {
    "model": "ui.field",
    "pk": 110,
    "fields": {
      "name": "Poland",
      "type": 2,
      "game": 2,
      "lat": "56.1",
      "lng": "23.2",
      "home": null,
      "isCity": false,
      "defaultPriority": null,
      "defaultUnitType": null,
      "unitPoints": 0,
      "winPoints": 0,
      "next": [
        106,
        107,
        108,
        109,
        236
      ]
    }
  },
  {
    "model": "ui.field",
    "pk": 111,
    "fields": {
      "name": "France",
      "type": 3,
      "game": 2,
      "lat": "62.1",
      "lng": "39.6",
      "home": null,
      "isCity": true,
      "defaultPriority": 1,
      "defaultUnitType": 1,
      "unitPoints": 1,
      "winPoints": 1,
      "next": [
        109,
        115
      ]
    }
  },
  {
    "model": "ui.field",
    "pk": 112,
    "fields": {
      "name": "Switzerland",
      "type": 3,
      "game": 2,
      "lat": "72.0",
      "lng": "65.2",
      "home": null,
      "isCity": true,
      "defaultPriority": 2,
      "defaultUnitType": 1,
      "unitPoints": 1,
      "winPoints": 1,
      "next": [
        113
      ]
    }
  },
  {
    "model": "ui.field",
    "pk": 113,
    "fields": {
      "name": "Austria",
      "type": 3,
      "game": 2,
      "lat": "61.2",
      "lng": "70.4",
      "home": null,
      "isCity": true,
      "defaultPriority": 3,
      "defaultUnitType": 1,
      "unitPoints": 1,
      "winPoints": 1,
      "next": [
        112
      ]
    }
  },
  {
    "model": "ui.field",
    "pk": 114,
    "fields": {
      "name": "Czech",
      "type": 2,
      "game": 2,
      "lat": "55.8",
      "lng": "53.6",
      "home": null,
      "isCity": false,
      "defaultPriority": null,
      "defaultUnitType": null,
      "unitPoints": 0,
      "winPoints": 0,
      "next": []
    }
  },
  {
    "model": "ui.field",
    "pk": 115,
    "fields": {
      "name": "Spain",
      "type": 3,
      "game": 2,
      "lat": "49.8",
      "lng": "39.2",
      "home": null,
      "isCity": true,
      "defaultPriority": 0,
      "defaultUnitType": 1,
      "unitPoints": 1,
      "winPoints": 0,
      "next": [
        111,
        116,
        117,
        236
      ]
    }
  },
  {
    "model": "ui.field",
    "pk": 116,
    "fields": {
      "name": "Portugal",
      "type": 2,
      "game": 2,
      "lat": "42.6",
      "lng": "30.8",
      "home": null,
      "isCity": false,
      "defaultPriority": null,
      "defaultUnitType": null,
      "unitPoints": 0,
      "winPoints": 0,
      "next": [
        115,
        117,
        236
      ]
    }
  },
  {
    "model": "ui.field",
    "pk": 117,
    "fields": {
      "name": "Italy",
      "type": 3,
      "game": 2,
      "lat": "36.6",
      "lng": "34.0",
      "home": null,
      "isCity": true,
      "defaultPriority": 1,
      "defaultUnitType": 1,
      "unitPoints": 1,
      "winPoints": 1,
      "next": [
        115,
        116,
        118,
        119,
        168,
        236
      ]
    }
  },
  {
    "model": "ui.field",
    "pk": 118,
    "fields": {
      "name": "Yugoslavia",
      "type": 2,
      "game": 2,
      "lat": "27.0",
      "lng": "42.0",
      "home": null,
      "isCity": false,
      "defaultPriority": null,
      "defaultUnitType": null,
      "unitPoints": 0,
      "winPoints": 0,
      "next": [
        117,
        119,
        120,
        122,
        243,
        244
      ]
    }
  },
  {
    "model": "ui.field",
    "pk": 119,
    "fields": {
      "name": "Hungary",
      "type": 3,
      "game": 2,
      "lat": "30.3",
      "lng": "46.8",
      "home": null,
      "isCity": true,
      "defaultPriority": 2,
      "defaultUnitType": 1,
      "unitPoints": 1,
      "winPoints": 1,
      "next": [
        117,
        118,
        120,
        121,
        122,
        243,
        244
      ]
    }
  },
  {
    "model": "ui.field",
    "pk": 120,
    "fields": {
      "name": "Romania",
      "type": 2,
      "game": 2,
      "lat": "17.4",
      "lng": "48.4",
      "home": null,
      "isCity": false,
      "defaultPriority": null,
      "defaultUnitType": null,
      "unitPoints": 0,
      "winPoints": 0,
      "next": [
        118,
        119,
        121,
        170,
        171,
        243,
        244
      ]
    }
  },
  {
    "model": "ui.field",
    "pk": 121,
    "fields": {
      "name": "Bulgaria",
      "type": 2,
      "game": 2,
      "lat": "22.8",
      "lng": "58.8",
      "home": null,
      "isCity": false,
      "defaultPriority": null,
      "defaultUnitType": null,
      "unitPoints": 0,
      "winPoints": 0,
      "next": [
        119,
        120,
        122,
        242,
        244
      ]
    }
  },
  {
    "model": "ui.field",
    "pk": 122,
    "fields": {
      "name": "Greece",
      "type": 3,
      "game": 2,
      "lat": "35.7",
      "lng": "54.0",
      "home": null,
      "isCity": true,
      "defaultPriority": 3,
      "defaultUnitType": 1,
      "unitPoints": 1,
      "winPoints": 1,
      "next": [
        118,
        119,
        121,
        123,
        244
      ]
    }
  },
  {
    "model": "ui.field",
    "pk": 123,
    "fields": {
      "name": "Turkey",
      "type": 2,
      "game": 2,
      "lat": "36.6",
      "lng": "68.0",
      "home": null,
      "isCity": false,
      "defaultPriority": null,
      "defaultUnitType": null,
      "unitPoints": 0,
      "winPoints": 0,
      "next": [
        122,
        124,
        125,
        127
      ]
    }
  },
  {
    "model": "ui.field",
    "pk": 124,
    "fields": {
      "name": "Ukraine",
      "type": 3,
      "game": 2,
      "lat": "46.5",
      "lng": "65.6",
      "home": null,
      "isCity": true,
      "defaultPriority": 0,
      "defaultUnitType": 1,
      "unitPoints": 1,
      "winPoints": 0,
      "next": [
        123
      ]
    }
  },
  {
    "model": "ui.field",
    "pk": 125,
    "fields": {
      "name": "Belarus",
      "type": 3,
      "game": 2,
      "lat": "31.8",
      "lng": "71.6",
      "home": null,
      "isCity": true,
      "defaultPriority": 0,
      "defaultUnitType": 1,
      "unitPoints": 1,
      "winPoints": 0,
      "next": [
        123,
        127
      ]
    }
  },
  {
    "model": "ui.field",
    "pk": 126,
    "fields": {
      "name": "Lithuania",
      "type": 3,
      "game": 2,
      "lat": "19.5",
      "lng": "85.6",
      "home": null,
      "isCity": true,
      "defaultPriority": 1,
      "defaultUnitType": 1,
      "unitPoints": 1,
      "winPoints": 1,
      "next": [
        127,
        128
      ]
    }
  },
  {
    "model": "ui.field",
    "pk": 127,
    "fields": {
      "name": "Latvia",
      "type": 3,
      "game": 2,
      "lat": "31.5",
      "lng": "80.0",
      "home": null,
      "isCity": true,
      "defaultPriority": 2,
      "defaultUnitType": 1,
      "unitPoints": 1,
      "winPoints": 1,
      "next": [
        123,
        125,
        126,
        128,
        135
      ]
    }
  },
  {
    "model": "ui.field",
    "pk": 128,
    "fields": {
      "name": "Estonia",
      "type": 3,
      "game": 2,
      "lat": "25.2",
      "lng": "91.6",
      "home": null,
      "isCity": true,
      "defaultPriority": 3,
      "defaultUnitType": 1,
      "unitPoints": 1,
      "winPoints": 1,
      "next": [
        126,
        127,
        129,
        134
      ]
    }
  },
  {
    "model": "ui.field",
    "pk": 129,
    "fields": {
      "name": "Russia",
      "type": 3,
      "game": 2,
      "lat": "25.8",
      "lng": "106.4",
      "home": null,
      "isCity": true,
      "defaultPriority": 0,
      "defaultUnitType": 1,
      "unitPoints": 1,
      "winPoints": 0,
      "next": [
        128,
        130
      ]
    }
  },
  {
    "model": "ui.field",
    "pk": 130,
    "fields": {
      "name": "Siberia",
      "type": 3,
      "game": 2,
      "lat": "16.8",
      "lng": "114.4",
      "home": null,
      "isCity": true,
      "defaultPriority": 1,
      "defaultUnitType": 1,
      "unitPoints": 1,
      "winPoints": 1,
      "next": [
        129,
        131,
        245
      ]
    }
  },
  {
    "model": "ui.field",
    "pk": 131,
    "fields": {
      "name": "Kazakhstan",
      "type": 2,
      "game": 2,
      "lat": "17.4",
      "lng": "123.2",
      "home": null,
      "isCity": false,
      "defaultPriority": null,
      "defaultUnitType": null,
      "unitPoints": 0,
      "winPoints": 0,
      "next": [
        130,
        132,
        250
      ]
    }
  },
  {
    "model": "ui.field",
    "pk": 132,
    "fields": {
      "name": "Uzbekistan",
      "type": 3,
      "game": 2,
      "lat": "30.3",
      "lng": "125.6",
      "home": null,
      "isCity": true,
      "defaultPriority": 0,
      "defaultUnitType": 1,
      "unitPoints": 1,
      "winPoints": 0,
      "next": [
        131,
        133
      ]
    }
  },
  {
    "model": "ui.field",
    "pk": 133,
    "fields": {
      "name": "Iran",
      "type": 2,
      "game": 2,
      "lat": "39.0",
      "lng": "116.0",
      "home": null,
      "isCity": false,
      "defaultPriority": null,
      "defaultUnitType": null,
      "unitPoints": 0,
      "winPoints": 0,
      "next": [
        132
      ]
    }
  },
  {
    "model": "ui.field",
    "pk": 134,
    "fields": {
      "name": "Afghanistan",
      "type": 3,
      "game": 2,
      "lat": "38.4",
      "lng": "96.4",
      "home": null,
      "isCity": true,
      "defaultPriority": 0,
      "defaultUnitType": 1,
      "unitPoints": 1,
      "winPoints": 0,
      "next": [
        128,
        135
      ]
    }
  },
  {
    "model": "ui.field",
    "pk": 135,
    "fields": {
      "name": "Pakistan",
      "type": 2,
      "game": 2,
      "lat": "44.7",
      "lng": "86.0",
      "home": null,
      "isCity": false,
      "defaultPriority": null,
      "defaultUnitType": null,
      "unitPoints": 0,
      "winPoints": 0,
      "next": [
        127,
        134,
        140
      ]
    }
  },
  {
    "model": "ui.field",
    "pk": 136,
    "fields": {
      "name": "India",
      "type": 2,
      "game": 2,
      "lat": "50.7",
      "lng": "106.0",
      "home": null,
      "isCity": false,
      "defaultPriority": null,
      "defaultUnitType": null,
      "unitPoints": 0,
      "winPoints": 0,
      "next": [
        141
      ]
    }
  },
  {
    "model": "ui.field",
    "pk": 137,
    "fields": {
      "name": "Bangladesh",
      "type": 3,
      "game": 2,
      "lat": "49.8",
      "lng": "128.8",
      "home": null,
      "isCity": true,
      "defaultPriority": 1,
      "defaultUnitType": 1,
      "unitPoints": 1,
      "winPoints": 1,
      "next": [
        143
      ]
    }
  },
  {
    "model": "ui.field",
    "pk": 138,
    "fields": {
      "name": "Myanmar",
      "type": 2,
      "game": 2,
      "lat": "40.5",
      "lng": "141.2",
      "home": null,
      "isCity": false,
      "defaultPriority": null,
      "defaultUnitType": null,
      "unitPoints": 0,
      "winPoints": 0,
      "next": [
        249,
        265
      ]
    }
  },
  {
    "model": "ui.field",
    "pk": 139,
    "fields": {
      "name": "Thailand",
      "type": 3,
      "game": 2,
      "lat": "71.4",
      "lng": "97.2",
      "home": null,
      "isCity": true,
      "defaultPriority": 0,
      "defaultUnitType": 1,
      "unitPoints": 1,
      "winPoints": 0,
      "next": []
    }
  },
  {
    "model": "ui.field",
    "pk": 140,
    "fields": {
      "name": "Vietnam",
      "type": 2,
      "game": 2,
      "lat": "59.4",
      "lng": "86.4",
      "home": null,
      "isCity": false,
      "defaultPriority": null,
      "defaultUnitType": null,
      "unitPoints": 0,
      "winPoints": 0,
      "next": [
        135
      ]
    }
  },
  {
    "model": "ui.field",
    "pk": 141,
    "fields": {
      "name": "Cambodia",
      "type": 2,
      "game": 2,
      "lat": "60.3",
      "lng": "108.4",
      "home": null,
      "isCity": false,
      "defaultPriority": null,
      "defaultUnitType": null,
      "unitPoints": 0,
      "winPoints": 0,
      "next": [
        136
      ]
    }
  },
  {
    "model": "ui.field",
    "pk": 142,
    "fields": {
      "name": "Malaysia",
      "type": 3,
      "game": 2,
      "lat": "69.9",
      "lng": "122.4",
      "home": null,
      "isCity": true,
      "defaultPriority": 2,
      "defaultUnitType": 1,
      "unitPoints": 1,
      "winPoints": 1,
      "next": []
    }
  },
  {
    "model": "ui.field",
    "pk": 143,
    "fields": {
      "name": "Indonesia",
      "type": 3,
      "game": 2,
      "lat": "57.9",
      "lng": "132.4",
      "home": null,
      "isCity": true,
      "defaultPriority": 3,
      "defaultUnitType": 1,
      "unitPoints": 1,
      "winPoints": 1,
      "next": [
        137,
        144,
        248
      ]
    }
  },
  {
    "model": "ui.field",
    "pk": 144,
    "fields": {
      "name": "Philippines",
      "type": 2,
      "game": 2,
      "lat": "68.7",
      "lng": "140.8",
      "home": null,
      "isCity": false,
      "defaultPriority": null,
      "defaultUnitType": null,
      "unitPoints": 0,
      "winPoints": 0,
      "next": [
        143,
        248
      ]
    }
  },
  {
    "model": "ui.field",
    "pk": 145,
    "fields": {
      "name": "China",
      "type": 3,
      "game": 2,
      "lat": "67.5",
      "lng": "156.8",
      "home": null,
      "isCity": true,
      "defaultPriority": 0,
      "defaultUnitType": 1,
      "unitPoints": 1,
      "winPoints": 0,
      "next": [
        248
      ]
    }
  },
  {
    "model": "ui.field",
    "pk": 146,
    "fields": {
      "name": "Mongolia",
      "type": 3,
      "game": 2,
      "lat": "-1.8",
      "lng": "120.0",
      "home": null,
      "isCity": true,
      "defaultPriority": 2,
      "defaultUnitType": 1,
      "unitPoints": 1,
      "winPoints": 1,
      "next": [
        147
      ]
    }
  },
  {
    "model": "ui.field",
    "pk": 147,
    "fields": {
      "name": "Korea",
      "type": 3,
      "game": 2,
      "lat": "1.2",
      "lng": "134.0",
      "home": null,
      "isCity": true,
      "defaultPriority": 0,
      "defaultUnitType": 1,
      "unitPoints": 1,
      "winPoints": 0,
      "next": [
        146,
        250
      ]
    }
  },
  {
    "model": "ui.field",
    "pk": 148,
    "fields": {
      "name": "Japan",
      "type": 3,
      "game": 2,
      "lat": "-6.3",
      "lng": "168.4",
      "home": null,
      "isCity": true,
      "defaultPriority": 0,
      "defaultUnitType": 1,
      "unitPoints": 1,
      "winPoints": 0,
      "next": []
    }
  },
  {
    "model": "ui.field",
    "pk": 149,
    "fields": {
      "name": "Tibet",
      "type": 3,
      "game": 2,
      "lat": "15.3",
      "lng": "142.4",
      "home": null,
      "isCity": true,
      "defaultPriority": 3,
      "defaultUnitType": 1,
      "unitPoints": 1,
      "winPoints": 1,
      "next": [
        250,
        254
      ]
    }
  },
  {
    "model": "ui.field",
    "pk": 150,
    "fields": {
      "name": "Morocco",
      "type": 3,
      "game": 2,
      "lat": "-20.1",
      "lng": "150.8",
      "home": null,
      "isCity": true,
      "defaultPriority": 1,
      "defaultUnitType": 1,
      "unitPoints": 1,
      "winPoints": 1,
      "next": [
        151,
        153
      ]
    }
  },
  {
    "model": "ui.field",
    "pk": 151,
    "fields": {
      "name": "Algeria",
      "type": 2,
      "game": 2,
      "lat": "-22.2",
      "lng": "163.6",
      "home": null,
      "isCity": false,
      "defaultPriority": null,
      "defaultUnitType": null,
      "unitPoints": 0,
      "winPoints": 0,
      "next": [
        150,
        153,
        154
      ]
    }
  },
  {
    "model": "ui.field",
    "pk": 152,
    "fields": {
      "name": "Tunisia",
      "type": 3,
      "game": 2,
      "lat": "-28.8",
      "lng": "137.2",
      "home": null,
      "isCity": true,
      "defaultPriority": 2,
      "defaultUnitType": 1,
      "unitPoints": 1,
      "winPoints": 1,
      "next": []
    }
  },
  {
    "model": "ui.field",
    "pk": 153,
    "fields": {
      "name": "Libya",
      "type": 2,
      "game": 2,
      "lat": "-29.4",
      "lng": "153.6",
      "home": null,
      "isCity": false,
      "defaultPriority": null,
      "defaultUnitType": null,
      "unitPoints": 0,
      "winPoints": 0,
      "next": [
        150,
        151,
        154
      ]
    }
  },
  {
    "model": "ui.field",
    "pk": 154,
    "fields": {
      "name": "Egypt",
      "type": 2,
      "game": 2,
      "lat": "-33.6",
      "lng": "166.8",
      "home": null,
      "isCity": false,
      "defaultPriority": null,
      "defaultUnitType": null,
      "unitPoints": 0,
      "winPoints": 0,
      "next": [
        151,
        153
      ]
    }
  },
  {
    "model": "ui.field",
    "pk": 155,
    "fields": {
      "name": "Sudan",
      "type": 3,
      "game": 2,
      "lat": "31.5",
      "lng": "-22.4",
      "home": null,
      "isCity": true,
      "defaultPriority": 1,
      "defaultUnitType": 1,
      "unitPoints": 1,
      "winPoints": 1,
      "next": [
        100,
        156,
        158,
        159
      ]
    }
  },
  {
    "model": "ui.field",
    "pk": 156,
    "fields": {
      "name": "Ethiopia",
      "type": 2,
      "game": 2,
      "lat": "21.6",
      "lng": "-24.4",
      "home": null,
      "isCity": false,
      "defaultPriority": null,
      "defaultUnitType": null,
      "unitPoints": 0,
      "winPoints": 0,
      "next": [
        155,
        157,
        159
      ]
    }
  },
  {
    "model": "ui.field",
    "pk": 157,
    "fields": {
      "name": "Somalia",
      "type": 3,
      "game": 2,
      "lat": "10.5",
      "lng": "-23.6",
      "home": null,
      "isCity": true,
      "defaultPriority": 2,
      "defaultUnitType": 1,
      "unitPoints": 1,
      "winPoints": 1,
      "next": [
        156,
        159,
        160,
        237
      ]
    }
  },
  {
    "model": "ui.field",
    "pk": 158,
    "fields": {
      "name": "Kenya",
      "type": 2,
      "game": 2,
      "lat": "30.6",
      "lng": "-7.6",
      "home": null,
      "isCity": false,
      "defaultPriority": null,
      "defaultUnitType": null,
      "unitPoints": 0,
      "winPoints": 0,
      "next": [
        100,
        155,
        159,
        162,
        234
      ]
    }
  },
  {
    "model": "ui.field",
    "pk": 159,
    "fields": {
      "name": "Tanzania",
      "type": 3,
      "game": 2,
      "lat": "18.6",
      "lng": "-16.0",
      "home": null,
      "isCity": true,
      "defaultPriority": 3,
      "defaultUnitType": 1,
      "unitPoints": 1,
      "winPoints": 1,
      "next": [
        155,
        156,
        157,
        158,
        160
      ]
    }
  },
  {
    "model": "ui.field",
    "pk": 160,
    "fields": {
      "name": "Zambia",
      "type": 2,
      "game": 2,
      "lat": "10.8",
      "lng": "-12.4",
      "home": null,
      "isCity": false,
      "defaultPriority": null,
      "defaultUnitType": null,
      "unitPoints": 0,
      "winPoints": 0,
      "next": [
        157,
        159,
        164,
        237
      ]
    }
  },
  {
    "model": "ui.field",
    "pk": 161,
    "fields": {
      "name": "Zimbabwe",
      "type": 2,
      "game": 2,
      "lat": "29.1",
      "lng": "11.2",
      "home": null,
      "isCity": false,
      "defaultPriority": null,
      "defaultUnitType": null,
      "unitPoints": 0,
      "winPoints": 0,
      "next": [
        162,
        166,
        168,
        235
      ]
    }
  },
  {
    "model": "ui.field",
    "pk": 162,
    "fields": {
      "name": "South_Africa",
      "type": 2,
      "game": 2,
      "lat": "19.2",
      "lng": "2.0",
      "home": null,
      "isCity": false,
      "defaultPriority": null,
      "defaultUnitType": null,
      "unitPoints": 0,
      "winPoints": 0,
      "next": [
        158,
        161,
        164,
        166
      ]
    }
  },
  {
    "model": "ui.field",
    "pk": 163,
    "fields": {
      "name": "Botswana",
      "type": 3,
      "game": 2,
      "lat": "-34.2",
      "lng": "-18.4",
      "home": null,
      "isCity": true,
      "defaultPriority": 0,
      "defaultUnitType": 1,
      "unitPoints": 1,
      "winPoints": 0,
      "next": []
    }
  },
  {
    "model": "ui.field",
    "pk": 164,
    "fields": {
      "name": "Namibia",
      "type": 3,
      "game": 2,
      "lat": "9.0",
      "lng": "0.8",
      "home": null,
      "isCity": true,
      "defaultPriority": 0,
      "defaultUnitType": 1,
      "unitPoints": 1,
      "winPoints": 0,
      "next": [
        160,
        162,
        165,
        166,
        167
      ]
    }
  },
  {
    "model": "ui.field",
    "pk": 165,
    "fields": {
      "name": "Angola",
      "type": 3,
      "game": 2,
      "lat": "-2.1",
      "lng": "6.4",
      "home": null,
      "isCity": true,
      "defaultPriority": 0,
      "defaultUnitType": 1,
      "unitPoints": 1,
      "winPoints": 0,
      "next": [
        164,
        167,
        172,
        174
      ]
    }
  },
  {
    "model": "ui.field",
    "pk": 166,
    "fields": {
      "name": "Congo",
      "type": 2,
      "game": 2,
      "lat": "16.5",
      "lng": "12.4",
      "home": null,
      "isCity": false,
      "defaultPriority": null,
      "defaultUnitType": null,
      "unitPoints": 0,
      "winPoints": 0,
      "next": [
        161,
        162,
        164,
        167,
        169
      ]
    }
  },
  {
    "model": "ui.field",
    "pk": 167,
    "fields": {
      "name": "Cameroon",
      "type": 2,
      "game": 2,
      "lat": "6.3",
      "lng": "15.2",
      "home": null,
      "isCity": false,
      "defaultPriority": null,
      "defaultUnitType": null,
      "unitPoints": 0,
      "winPoints": 0,
      "next": [
        164,
        165,
        166,
        169,
        172
      ]
    }
  },
  {
    "model": "ui.field",
    "pk": 168,
    "fields": {
      "name": "Nigeria",
      "type": 3,
      "game": 2,
      "lat": "28.5",
      "lng": "25.6",
      "home": null,
      "isCity": true,
      "defaultPriority": 0,
      "defaultUnitType": 1,
      "unitPoints": 1,
      "winPoints": 0,
      "next": [
        117,
        161,
        169,
        235
      ]
    }
  },
  {
    "model": "ui.field",
    "pk": 169,
    "fields": {
      "name": "Niger",
      "type": 3,
      "game": 2,
      "lat": "15.0",
      "lng": "26.8",
      "home": null,
      "isCity": true,
      "defaultPriority": 1,
      "defaultUnitType": 1,
      "unitPoints": 1,
      "winPoints": 1,
      "next": [
        166,
        167,
        168,
        170,
        243
      ]
    }
  },
  {
    "model": "ui.field",
    "pk": 170,
    "fields": {
      "name": "Chad",
      "type": 3,
      "game": 2,
      "lat": "9.9",
      "lng": "38.8",
      "home": null,
      "isCity": true,
      "defaultPriority": 2,
      "defaultUnitType": 1,
      "unitPoints": 1,
      "winPoints": 1,
      "next": [
        120,
        169,
        171,
        173,
        243
      ]
    }
  },
  {
    "model": "ui.field",
    "pk": 171,
    "fields": {
      "name": "Mali",
      "type": 3,
      "game": 2,
      "lat": "5.7",
      "lng": "48.0",
      "home": null,
      "isCity": true,
      "defaultPriority": 3,
      "defaultUnitType": 1,
      "unitPoints": 1,
      "winPoints": 1,
      "next": [
        120,
        170,
        173
      ]
    }
  },
  {
    "model": "ui.field",
    "pk": 172,
    "fields": {
      "name": "Mauritania",
      "type": 3,
      "game": 2,
      "lat": "-3.0",
      "lng": "19.2",
      "home": null,
      "isCity": true,
      "defaultPriority": 0,
      "defaultUnitType": 1,
      "unitPoints": 1,
      "winPoints": 0,
      "next": [
        165,
        167,
        174,
        175,
        179
      ]
    }
  },
  {
    "model": "ui.field",
    "pk": 173,
    "fields": {
      "name": "Senegal",
      "type": 2,
      "game": 2,
      "lat": "0.6",
      "lng": "34.8",
      "home": null,
      "isCity": false,
      "defaultPriority": null,
      "defaultUnitType": null,
      "unitPoints": 0,
      "winPoints": 0,
      "next": [
        170,
        171,
        179
      ]
    }
  },
  {
    "model": "ui.field",
    "pk": 174,
    "fields": {
      "name": "Guinea",
      "type": 2,
      "game": 2,
      "lat": "-13.8",
      "lng": "11.6",
      "home": null,
      "isCity": false,
      "defaultPriority": null,
      "defaultUnitType": null,
      "unitPoints": 0,
      "winPoints": 0,
      "next": [
        165,
        172,
        175,
        177
      ]
    }
  },
  {
    "model": "ui.field",
    "pk": 175,
    "fields": {
      "name": "Greenland",
      "type": 3,
      "game": 2,
      "lat": "-15.0",
      "lng": "22.8",
      "home": null,
      "isCity": true,
      "defaultPriority": 1,
      "defaultUnitType": 1,
      "unitPoints": 1,
      "winPoints": 1,
      "next": [
        172,
        174,
        176,
        177,
        179
      ]
    }
  },
  {
    "model": "ui.field",
    "pk": 176,
    "fields": {
      "name": "Canada",
      "type": 2,
      "game": 2,
      "lat": "-19.5",
      "lng": "31.2",
      "home": null,
      "isCity": false,
      "defaultPriority": null,
      "defaultUnitType": null,
      "unitPoints": 0,
      "winPoints": 0,
      "next": [
        175,
        179
      ]
    }
  },
  {
    "model": "ui.field",
    "pk": 177,
    "fields": {
      "name": "Alaska",
      "type": 3,
      "game": 2,
      "lat": "-24.6",
      "lng": "14.0",
      "home": null,
      "isCity": true,
      "defaultPriority": 2,
      "defaultUnitType": 1,
      "unitPoints": 1,
      "winPoints": 1,
      "next": [
        174,
        175,
        178
      ]
    }
  },
  {
    "model": "ui.field",
    "pk": 178,
    "fields": {
      "name": "USA_West",
      "type": 3,
      "game": 2,
      "lat": "-31.5",
      "lng": "19.2",
      "home": null,
      "isCity": true,
      "defaultPriority": 3,
      "defaultUnitType": 1,
      "unitPoints": 1,
      "winPoints": 1,
      "next": [
        177
      ]
    }
  },
  {
    "model": "ui.field",
    "pk": 179,
    "fields": {
      "name": "USA_East",
      "type": 2,
      "game": 2,
      "lat": "-6.9",
      "lng": "33.2",
      "home": null,
      "isCity": false,
      "defaultPriority": null,
      "defaultUnitType": null,
      "unitPoints": 0,
      "winPoints": 0,
      "next": [
        172,
        173,
        175,
        176
      ]
    }
  },
  {
    "model": "ui.field",
    "pk": 180,
    "fields": {
      "name": "Mexico",
      "type": 3,
      "game": 2,
      "lat": "-21.3",
      "lng": "47.6",
      "home": null,
      "isCity": true,
      "defaultPriority": 0,
      "defaultUnitType": 1,
      "unitPoints": 1,
      "winPoints": 0,
      "next": []
    }
  },
  {
    "model": "ui.field",
    "pk": 181,
    "fields": {
      "name": "Guatemala",
      "type": 3,
      "game": 2,
      "lat": "69.0",
      "lng": "-160.4",
      "home": null,
      "isCity": true,
      "defaultPriority": 1,
      "defaultUnitType": 1,
      "unitPoints": 1,
      "winPoints": 1,
      "next": [
        258
      ]
    }
  },
  {
    "model": "ui.field",
    "pk": 182,
    "fields": {
      "name": "Cuba",
      "type": 2,
      "game": 2,
      "lat": "69.0",
      "lng": "-132.8",
      "home": null,
      "isCity": false,
      "defaultPriority": null,
      "defaultUnitType": null,
      "unitPoints": 0,
      "winPoints": 0,
      "next": [
        184
      ]
    }
  },
  {
    "model": "ui.field",
    "pk": 183,
    "fields": {
      "name": "Jamaica",
      "type": 2,
      "game": 2,
      "lat": "69.6",
      "lng": "-105.6",
      "home": null,
      "isCity": false,
      "defaultPriority": null,
      "defaultUnitType": null,
      "unitPoints": 0,
      "winPoints": 0,
      "next": [
        185
      ]
    }
  },
  {
    "model": "ui.field",
    "pk": 184,
    "fields": {
      "name": "Venezuela",
      "type": 3,
      "game": 2,
      "lat": "58.8",
      "lng": "-138.4",
      "home": null,
      "isCity": true,
      "defaultPriority": 2,
      "defaultUnitType": 1,
      "unitPoints": 1,
      "winPoints": 1,
      "next": [
        182,
        187,
        188
      ]
    }
  },
  {
    "model": "ui.field",
    "pk": 185,
    "fields": {
      "name": "Colombia",
      "type": 3,
      "game": 2,
      "lat": "58.5",
      "lng": "-114.0",
      "home": null,
      "isCity": true,
      "defaultPriority": 3,
      "defaultUnitType": 1,
      "unitPoints": 1,
      "winPoints": 1,
      "next": [
        183,
        189
      ]
    }
  },
  {
    "model": "ui.field",
    "pk": 186,
    "fields": {
      "name": "Brazil",
      "type": 3,
      "game": 2,
      "lat": "57.6",
      "lng": "-87.6",
      "home": null,
      "isCity": true,
      "defaultPriority": 0,
      "defaultUnitType": 1,
      "unitPoints": 1,
      "winPoints": 0,
      "next": [
        194
      ]
    }
  },
  {
    "model": "ui.field",
    "pk": 187,
    "fields": {
      "name": "Peru",
      "type": 3,
      "game": 2,
      "lat": "48.3",
      "lng": "-147.6",
      "home": null,
      "isCity": true,
      "defaultPriority": 1,
      "defaultUnitType": 1,
      "unitPoints": 1,
      "winPoints": 1,
      "next": [
        184,
        188,
        190,
        258
      ]
    }
  },
  {
    "model": "ui.field",
    "pk": 188,
    "fields": {
      "name": "Bolivia",
      "type": 3,
      "game": 2,
      "lat": "49.8",
      "lng": "-135.6",
      "home": null,
      "isCity": true,
      "defaultPriority": 0,
      "defaultUnitType": 1,
      "unitPoints": 1,
      "winPoints": 0,
      "next": [
        184,
        187,
        191
      ]
    }
  },
  {
    "model": "ui.field",
    "pk": 189,
    "fields": {
      "name": "Chile",
      "type": 2,
      "game": 2,
      "lat": "47.4",
      "lng": "-120.4",
      "home": null,
      "isCity": false,
      "defaultPriority": null,
      "defaultUnitType": null,
      "unitPoints": 0,
      "winPoints": 0,
      "next": [
        185,
        191,
        192
      ]
    }
  },
  {
    "model": "ui.field",
    "pk": 190,
    "fields": {
      "name": "Argentina",
      "type": 3,
      "game": 2,
      "lat": "39.0",
      "lng": "-146.4",
      "home": null,
      "isCity": true,
      "defaultPriority": 2,
      "defaultUnitType": 1,
      "unitPoints": 1,
      "winPoints": 1,
      "next": [
        187,
        191,
        195
      ]
    }
  },
  {
    "model": "ui.field",
    "pk": 191,
    "fields": {
      "name": "Uruguay",
      "type": 2,
      "game": 2,
      "lat": "40.5",
      "lng": "-133.2",
      "home": null,
      "isCity": false,
      "defaultPriority": null,
      "defaultUnitType": null,
      "unitPoints": 0,
      "winPoints": 0,
      "next": [
        188,
        189,
        190,
        197
      ]
    }
  },
  {
    "model": "ui.field",
    "pk": 192,
    "fields": {
      "name": "Paraguay",
      "type": 3,
      "game": 2,
      "lat": "36.3",
      "lng": "-116.4",
      "home": null,
      "isCity": true,
      "defaultPriority": 1,
      "defaultUnitType": 1,
      "unitPoints": 1,
      "winPoints": 1,
      "next": [
        189,
        193,
        197,
        224
      ]
    }
  },
  {
    "model": "ui.field",
    "pk": 193,
    "fields": {
      "name": "Ecuador",
      "type": 3,
      "game": 2,
      "lat": "42.6",
      "lng": "-106.0",
      "home": null,
      "isCity": true,
      "defaultPriority": 2,
      "defaultUnitType": 1,
      "unitPoints": 1,
      "winPoints": 1,
      "next": [
        192
      ]
    }
  },
  {
    "model": "ui.field",
    "pk": 194,
    "fields": {
      "name": "Guyana",
      "type": 3,
      "game": 2,
      "lat": "49.2",
      "lng": "-89.6",
      "home": null,
      "isCity": true,
      "defaultPriority": 3,
      "defaultUnitType": 1,
      "unitPoints": 1,
      "winPoints": 1,
      "next": [
        186
      ]
    }
  },
  {
    "model": "ui.field",
    "pk": 195,
    "fields": {
      "name": "Arctic_Ocean",
      "type": 3,
      "game": 2,
      "lat": "29.7",
      "lng": "-144.4",
      "home": null,
      "isCity": true,
      "defaultPriority": 3,
      "defaultUnitType": 1,
      "unitPoints": 1,
      "winPoints": 1,
      "next": [
        190,
        196,
        198,
        260
      ]
    }
  },
  {
    "model": "ui.field",
    "pk": 196,
    "fields": {
      "name": "North_Atlantic",
      "type": 2,
      "game": 2,
      "lat": "25.2",
      "lng": "-135.2",
      "home": null,
      "isCity": false,
      "defaultPriority": null,
      "defaultUnitType": null,
      "unitPoints": 0,
      "winPoints": 0,
      "next": [
        195,
        197,
        198,
        199,
        224
      ]
    }
  },
  {
    "model": "ui.field",
    "pk": 197,
    "fields": {
      "name": "South_Atlantic",
      "type": 2,
      "game": 2,
      "lat": "32.7",
      "lng": "-128.8",
      "home": null,
      "isCity": false,
      "defaultPriority": null,
      "defaultUnitType": null,
      "unitPoints": 0,
      "winPoints": 0,
      "next": [
        191,
        192,
        196,
        199,
        224
      ]
    }
  },
  {
    "model": "ui.field",
    "pk": 198,
    "fields": {
      "name": "North_Pacific",
      "type": 2,
      "game": 2,
      "lat": "18.6",
      "lng": "-134.8",
      "home": null,
      "isCity": false,
      "defaultPriority": null,
      "defaultUnitType": null,
      "unitPoints": 0,
      "winPoints": 0,
      "next": [
        195,
        196,
        199,
        224
      ]
    }
  },
  {
    "model": "ui.field",
    "pk": 199,
    "fields": {
      "name": "South_Pacific",
      "type": 3,
      "game": 2,
      "lat": "19.2",
      "lng": "-124.4",
      "home": null,
      "isCity": true,
      "defaultPriority": 0,
      "defaultUnitType": 1,
      "unitPoints": 1,
      "winPoints": 0,
      "next": [
        196,
        197,
        198,
        200,
        224
      ]
    }
  },
  {
    "model": "ui.field",
    "pk": 200,
    "fields": {
      "name": "Indian_Ocean",
      "type": 2,
      "game": 2,
      "lat": "10.2",
      "lng": "-116.8",
      "home": null,
      "isCity": false,
      "defaultPriority": null,
      "defaultUnitType": null,
      "unitPoints": 0,
      "winPoints": 0,
      "next": [
        199,
        202,
        205,
        225
      ]
    }
  },
  {
    "model": "ui.field",
    "pk": 201,
    "fields": {
      "name": "Mediterranean",
      "type": 3,
      "game": 2,
      "lat": "7.5",
      "lng": "-96.8",
      "home": null,
      "isCity": true,
      "defaultPriority": 1,
      "defaultUnitType": 1,
      "unitPoints": 1,
      "winPoints": 1,
      "next": [
        202,
        203,
        204,
        225
      ]
    }
  },
  {
    "model": "ui.field",
    "pk": 202,
    "fields": {
      "name": "Black_Sea",
      "type": 3,
      "game": 2,
      "lat": "3.0",
      "lng": "-104.4",
      "home": null,
      "isCity": true,
      "defaultPriority": 2,
      "defaultUnitType": 1,
      "unitPoints": 1,
      "winPoints": 1,
      "next": [
        200,
        201,
        203,
        205,
        207,
        225
      ]
    }
  },
  {
    "model": "ui.field",
    "pk": 203,
    "fields": {
      "name": "Baltic_Sea",
      "type": 2,
      "game": 2,
      "lat": "-1.2",
      "lng": "-92.4",
      "home": null,
      "isCity": false,
      "defaultPriority": null,
      "defaultUnitType": null,
      "unitPoints": 0,
      "winPoints": 0,
      "next": [
        201,
        202,
        204,
        207,
        208,
        209
      ]
    }
  },
  {
    "model": "ui.field",
    "pk": 204,
    "fields": {
      "name": "North_Sea",
      "type": 3,
      "game": 2,
      "lat": "3.6",
      "lng": "-83.2",
      "home": null,
      "isCity": true,
      "defaultPriority": 0,
      "defaultUnitType": 1,
      "unitPoints": 1,
      "winPoints": 0,
      "next": [
        201,
        203,
        208,
        209
      ]
    }
  },
  {
    "model": "ui.field",
    "pk": 205,
    "fields": {
      "name": "Caribbean",
      "type": 3,
      "game": 2,
      "lat": "-2.1",
      "lng": "-109.6",
      "home": null,
      "isCity": true,
      "defaultPriority": 3,
      "defaultUnitType": 1,
      "unitPoints": 1,
      "winPoints": 1,
      "next": [
        200,
        202,
        206,
        262
      ]
    }
  },
  {
    "model": "ui.field",
    "pk": 206,
    "fields": {
      "name": "Red_Sea",
      "type": 2,
      "game": 2,
      "lat": "-14.4",
      "lng": "-101.6",
      "home": null,
      "isCity": false,
      "defaultPriority": null,
      "defaultUnitType": null,
      "unitPoints": 0,
      "winPoints": 0,
      "next": [
        205,
        207,
        208,
        211
      ]
    }
  },
  {
    "model": "ui.field",
    "pk": 207,
    "fields": {
      "name": "Australia",
      "type": 3,
      "game": 2,
      "lat": "-8.4",
      "lng": "-95.6",
      "home": null,
      "isCity": true,
      "defaultPriority": 0,
      "defaultUnitType": 1,
      "unitPoints": 1,
      "winPoints": 0,
      "next": [
        202,
        203,
        206,
        208,
        211
      ]
    }
  },
  {
    "model": "ui.field",
    "pk": 208,
    "fields": {
      "name": "New_Zealand",
      "type": 2,
      "game": 2,
      "lat": "-8.4",
      "lng": "-88.8",
      "home": null,
      "isCity": false,
      "defaultPriority": null,
      "defaultUnitType": null,
      "unitPoints": 0,
      "winPoints": 0,
      "next": [
        203,
        204,
        206,
        207,
        209,
        211
      ]
    }
  },
  {
    "model": "ui.field",
    "pk": 209,
    "fields": {
      "name": "Papua_New_Guinea",
      "type": 3,
      "game": 2,
      "lat": "-6.0",
      "lng": "-79.2",
      "home": null,
      "isCity": true,
      "defaultPriority": 1,
      "defaultUnitType": 1,
      "unitPoints": 1,
      "winPoints": 1,
      "next": [
        203,
        204,
        208,
        210,
        212
      ]
    }
  },
  {
    "model": "ui.field",
    "pk": 210,
    "fields": {
      "name": "Pacific_Islands",
      "type": 3,
      "game": 2,
      "lat": "-7.5",
      "lng": "-65.2",
      "home": null,
      "isCity": true,
      "defaultPriority": 2,
      "defaultUnitType": 1,
      "unitPoints": 1,
      "winPoints": 1,
      "next": [
        209,
        212
      ]
    }
  },
  {
    "model": "ui.field",
    "pk": 211,
    "fields": {
      "name": "South_America_112",
      "type": 2,
      "game": 2,
      "lat": "-19.5",
      "lng": "-92.8",
      "home": null,
      "isCity": false,
      "defaultPriority": null,
      "defaultUnitType": null,
      "unitPoints": 0,
      "winPoints": 0,
      "next": [
        206,
        207,
        208,
        213,
        214,
        215
      ]
    }
  },
  {
    "model": "ui.field",
    "pk": 212,
    "fields": {
      "name": "South_America_113",
      "type": 3,
      "game": 2,
      "lat": "-18.6",
      "lng": "-71.6",
      "home": null,
      "isCity": true,
      "defaultPriority": 3,
      "defaultUnitType": 1,
      "unitPoints": 1,
      "winPoints": 1,
      "next": [
        209,
        210,
        215,
        216
      ]
    }
  },
  {
    "model": "ui.field",
    "pk": 213,
    "fields": {
      "name": "South_America_114",
      "type": 3,
      "game": 2,
      "lat": "-33.3",
      "lng": "-97.6",
      "home": null,
      "isCity": true,
      "defaultPriority": 1,
      "defaultUnitType": 1,
      "unitPoints": 1,
      "winPoints": 1,
      "next": [
        211,
        214
      ]
    }
  },
  {
    "model": "ui.field",
    "pk": 214,
    "fields": {
      "name": "South_America_115",
      "type": 2,
      "game": 2,
      "lat": "-32.4",
      "lng": "-89.2",
      "home": null,
      "isCity": false,
      "defaultPriority": null,
      "defaultUnitType": null,
      "unitPoints": 0,
      "winPoints": 0,
      "next": [
        211,
        213,
        215,
        216,
        217,
        218
      ]
    }
  },
  {
    "model": "ui.field",
    "pk": 215,
    "fields": {
      "name": "South_America_116",
      "type": 3,
      "game": 2,
      "lat": "-25.8",
      "lng": "-84.0",
      "home": null,
      "isCity": true,
      "defaultPriority": 0,
      "defaultUnitType": 1,
      "unitPoints": 1,
      "winPoints": 0,
      "next": [
        211,
        212,
        214,
        216,
        217
      ]
    }
  },
  {
    "model": "ui.field",
    "pk": 216,
    "fields": {
      "name": "South_America_117",
      "type": 2,
      "game": 2,
      "lat": "-27.3",
      "lng": "-76.4",
      "home": null,
      "isCity": false,
      "defaultPriority": null,
      "defaultUnitType": null,
      "unitPoints": 0,
      "winPoints": 0,
      "next": [
        212,
        214,
        215,
        217
      ]
    }
  },
  {
    "model": "ui.field",
    "pk": 217,
    "fields": {
      "name": "South_America_118",
      "type": 3,
      "game": 2,
      "lat": "-36.3",
      "lng": "-78.8",
      "home": null,
      "isCity": true,
      "defaultPriority": 2,
      "defaultUnitType": 1,
      "unitPoints": 1,
      "winPoints": 1,
      "next": [
        214,
        215,
        216,
        218
      ]
    }
  },
  {
    "model": "ui.field",
    "pk": 218,
    "fields": {
      "name": "South_America_119",
      "type": 3,
      "game": 2,
      "lat": "-45.0",
      "lng": "-88.0",
      "home": null,
      "isCity": true,
      "defaultPriority": 3,
      "defaultUnitType": 1,
      "unitPoints": 1,
      "winPoints": 1,
      "next": [
        214,
        217,
        219
      ]
    }
  },
  {
    "model": "ui.field",
    "pk": 219,
    "fields": {
      "name": "South_America_120",
      "type": 2,
      "game": 2,
      "lat": "-56.1",
      "lng": "-90.8",
      "home": null,
      "isCity": false,
      "defaultPriority": null,
      "defaultUnitType": null,
      "unitPoints": 0,
      "winPoints": 0,
      "next": [
        218
      ]
    }
  },
  {
    "model": "ui.field",
    "pk": 220,
    "fields": {
      "name": "South_America_121",
      "type": 3,
      "game": 2,
      "lat": "-42.3",
      "lng": "-163.6",
      "home": null,
      "isCity": true,
      "defaultPriority": 3,
      "defaultUnitType": 1,
      "unitPoints": 1,
      "winPoints": 1,
      "next": []
    }
  },
  {
    "model": "ui.field",
    "pk": 221,
    "fields": {
      "name": "South_America_122",
      "type": 3,
      "game": 2,
      "lat": "-20.4",
      "lng": "-148.8",
      "home": null,
      "isCity": true,
      "defaultPriority": 0,
      "defaultUnitType": 1,
      "unitPoints": 1,
      "winPoints": 0,
      "next": []
    }
  },
  {
    "model": "ui.field",
    "pk": 222,
    "fields": {
      "name": "North_Europe_123",
      "type": 1,
      "game": 2,
      "lat": "66.9",
      "lng": "-69.2",
      "home": null,
      "isCity": false,
      "defaultPriority": null,
      "defaultUnitType": null,
      "unitPoints": 0,
      "winPoints": 0,
      "next": []
    }
  },
  {
    "model": "ui.field",
    "pk": 223,
    "fields": {
      "name": "Central_America_124",
      "type": 1,
      "game": 2,
      "lat": "33.0",
      "lng": "-84.0",
      "home": null,
      "isCity": false,
      "defaultPriority": null,
      "defaultUnitType": null,
      "unitPoints": 0,
      "winPoints": 0,
      "next": []
    }
  },
  {
    "model": "ui.field",
    "pk": 224,
    "fields": {
      "name": "Central_America_125",
      "type": 1,
      "game": 2,
      "lat": "27.0",
      "lng": "-123.2",
      "home": null,
      "isCity": false,
      "defaultPriority": null,
      "defaultUnitType": null,
      "unitPoints": 0,
      "winPoints": 0,
      "next": [
        192,
        196,
        197,
        198,
        199
      ]
    }
  },
  {
    "model": "ui.field",
    "pk": 225,
    "fields": {
      "name": "Central_America_126",
      "type": 1,
      "game": 2,
      "lat": "16.5",
      "lng": "-107.6",
      "home": null,
      "isCity": false,
      "defaultPriority": null,
      "defaultUnitType": null,
      "unitPoints": 0,
      "winPoints": 0,
      "next": [
        200,
        201,
        202
      ]
    }
  },
  {
    "model": "ui.field",
    "pk": 226,
    "fields": {
      "name": "Central_America_127",
      "type": 1,
      "game": 2,
      "lat": "10.2",
      "lng": "-66.0",
      "home": null,
      "isCity": false,
      "defaultPriority": null,
      "defaultUnitType": null,
      "unitPoints": 0,
      "winPoints": 0,
      "next": []
    }
  },
  {
    "model": "ui.field",
    "pk": 227,
    "fields": {
      "name": "South_Africa_128",
      "type": 1,
      "game": 2,
      "lat": "-21.9",
      "lng": "-42.0",
      "home": null,
      "isCity": false,
      "defaultPriority": null,
      "defaultUnitType": null,
      "unitPoints": 0,
      "winPoints": 0,
      "next": []
    }
  },
  {
    "model": "ui.field",
    "pk": 228,
    "fields": {
      "name": "South_Africa_129",
      "type": 1,
      "game": 2,
      "lat": "-64.5",
      "lng": "-50.0",
      "home": null,
      "isCity": false,
      "defaultPriority": null,
      "defaultUnitType": null,
      "unitPoints": 0,
      "winPoints": 0,
      "next": []
    }
  },
  {
    "model": "ui.field",
    "pk": 229,
    "fields": {
      "name": "North_Europe_130",
      "type": 1,
      "game": 2,
      "lat": "75.9",
      "lng": "-3.2",
      "home": null,
      "isCity": false,
      "defaultPriority": null,
      "defaultUnitType": null,
      "unitPoints": 0,
      "winPoints": 0,
      "next": [
        105
      ]
    }
  },
  {
    "model": "ui.field",
    "pk": 230,
    "fields": {
      "name": "Europe_131",
      "type": 1,
      "game": 2,
      "lat": "57.9",
      "lng": "-42.8",
      "home": null,
      "isCity": false,
      "defaultPriority": null,
      "defaultUnitType": null,
      "unitPoints": 0,
      "winPoints": 0,
      "next": []
    }
  },
  {
    "model": "ui.field",
    "pk": 231,
    "fields": {
      "name": "Europe_132",
      "type": 1,
      "game": 2,
      "lat": "58.5",
      "lng": "-16.4",
      "home": null,
      "isCity": false,
      "defaultPriority": null,
      "defaultUnitType": null,
      "unitPoints": 0,
      "winPoints": 0,
      "next": [
        101
      ]
    }
  },
  {
    "model": "ui.field",
    "pk": 232,
    "fields": {
      "name": "Siberia_133",
      "type": 1,
      "game": 2,
      "lat": "62.7",
      "lng": "8.0",
      "home": null,
      "isCity": false,
      "defaultPriority": null,
      "defaultUnitType": null,
      "unitPoints": 0,
      "winPoints": 0,
      "next": [
        102,
        104,
        105,
        106,
        107
      ]
    }
  },
  {
    "model": "ui.field",
    "pk": 233,
    "fields": {
      "name": "Africa_134",
      "type": 1,
      "game": 2,
      "lat": "33.9",
      "lng": "-40.0",
      "home": null,
      "isCity": false,
      "defaultPriority": null,
      "defaultUnitType": null,
      "unitPoints": 0,
      "winPoints": 0,
      "next": []
    }
  },
  {
    "model": "ui.field",
    "pk": 234,
    "fields": {
      "name": "Europe_135",
      "type": 1,
      "game": 2,
      "lat": "42.9",
      "lng": "-4.0",
      "home": null,
      "isCity": false,
      "defaultPriority": null,
      "defaultUnitType": null,
      "unitPoints": 0,
      "winPoints": 0,
      "next": [
        100,
        101,
        102,
        103,
        104,
        158
      ]
    }
  },
  {
    "model": "ui.field",
    "pk": 235,
    "fields": {
      "name": "Europe_136",
      "type": 1,
      "game": 2,
      "lat": "38.7",
      "lng": "16.0",
      "home": null,
      "isCity": false,
      "defaultPriority": null,
      "defaultUnitType": null,
      "unitPoints": 0,
      "winPoints": 0,
      "next": [
        108,
        161,
        168,
        236
      ]
    }
  },
  {
    "model": "ui.field",
    "pk": 236,
    "fields": {
      "name": "Europe_137",
      "type": 1,
      "game": 2,
      "lat": "47.4",
      "lng": "28.0",
      "home": null,
      "isCity": false,
      "defaultPriority": null,
      "defaultUnitType": null,
      "unitPoints": 0,
      "winPoints": 0,
      "next": [
        108,
        110,
        115,
        116,
        117,
        235
      ]
    }
  },
  {
    "model": "ui.field",
    "pk": 237,
    "fields": {
      "name": "Africa_138",
      "type": 1,
      "game": 2,
      "lat": "1.8",
      "lng": "-24.0",
      "home": null,
      "isCity": false,
      "defaultPriority": null,
      "defaultUnitType": null,
      "unitPoints": 0,
      "winPoints": 0,
      "next": [
        157,
        160
      ]
    }
  },
  {
    "model": "ui.field",
    "pk": 238,
    "fields": {
      "name": "South_Africa_139",
      "type": 1,
      "game": 2,
      "lat": "-41.1",
      "lng": "-1.2",
      "home": null,
      "isCity": false,
      "defaultPriority": null,
      "defaultUnitType": null,
      "unitPoints": 0,
      "winPoints": 0,
      "next": []
    }
  },
  {
    "model": "ui.field",
    "pk": 239,
    "fields": {
      "name": "Oceania_140",
      "type": 1,
      "game": 2,
      "lat": "-60.6",
      "lng": "34.0",
      "home": null,
      "isCity": false,
      "defaultPriority": null,
      "defaultUnitType": null,
      "unitPoints": 0,
      "winPoints": 0,
      "next": []
    }
  },
  {
    "model": "ui.field",
    "pk": 240,
    "fields": {
      "name": "Oceania_141",
      "type": 1,
      "game": 2,
      "lat": "-43.2",
      "lng": "54.8",
      "home": null,
      "isCity": false,
      "defaultPriority": null,
      "defaultUnitType": null,
      "unitPoints": 0,
      "winPoints": 0,
      "next": []
    }
  },
  {
    "model": "ui.field",
    "pk": 241,
    "fields": {
      "name": "Oceania_142",
      "type": 1,
      "game": 2,
      "lat": "-6.3",
      "lng": "66.0",
      "home": null,
      "isCity": false,
      "defaultPriority": null,
      "defaultUnitType": null,
      "unitPoints": 0,
      "winPoints": 0,
      "next": []
    }
  },
  {
    "model": "ui.field",
    "pk": 242,
    "fields": {
      "name": "South_Asia_143",
      "type": 1,
      "game": 2,
      "lat": "13.5",
      "lng": "69.2",
      "home": null,
      "isCity": false,
      "defaultPriority": null,
      "defaultUnitType": null,
      "unitPoints": 0,
      "winPoints": 0,
      "next": [
        121
      ]
    }
  },
  {
    "model": "ui.field",
    "pk": 243,
    "fields": {
      "name": "South_Asia_144",
      "type": 1,
      "game": 2,
      "lat": "20.1",
      "lng": "40.0",
      "home": null,
      "isCity": false,
      "defaultPriority": null,
      "defaultUnitType": null,
      "unitPoints": 0,
      "winPoints": 0,
      "next": [
        118,
        119,
        120,
        169,
        170
      ]
    }
  },
  {
    "model": "ui.field",
    "pk": 244,
    "fields": {
      "name": "South_Asia_145",
      "type": 1,
      "game": 2,
      "lat": "29.1",
      "lng": "53.6",
      "home": null,
      "isCity": false,
      "defaultPriority": null,
      "defaultUnitType": null,
      "unitPoints": 0,
      "winPoints": 0,
      "next": [
        118,
        119,
        120,
        121,
        122
      ]
    }
  },
  {
    "model": "ui.field",
    "pk": 245,
    "fields": {
      "name": "South_Asia_146",
      "type": 1,
      "game": 2,
      "lat": "9.6",
      "lng": "102.0",
      "home": null,
      "isCity": false,
      "defaultPriority": null,
      "defaultUnitType": null,
      "unitPoints": 0,
      "winPoints": 0,
      "next": [
        130,
        267
      ]
    }
  },
  {
    "model": "ui.field",
    "pk": 246,
    "fields": {
      "name": "Oceania_147",
      "type": 1,
      "game": 2,
      "lat": "-19.2",
      "lng": "112.8",
      "home": null,
      "isCity": false,
      "defaultPriority": null,
      "defaultUnitType": null,
      "unitPoints": 0,
      "winPoints": 0,
      "next": []
    }
  },
  {
    "model": "ui.field",
    "pk": 247,
    "fields": {
      "name": "Oceania_148",
      "type": 1,
      "game": 2,
      "lat": "-53.4",
      "lng": "122.4",
      "home": null,
      "isCity": false,
      "defaultPriority": null,
      "defaultUnitType": null,
      "unitPoints": 0,
      "winPoints": 0,
      "next": []
    }
  },
  {
    "model": "ui.field",
    "pk": 248,
    "fields": {
      "name": "Asia_149",
      "type": 1,
      "game": 2,
      "lat": "60.0",
      "lng": "146.0",
      "home": null,
      "isCity": false,
      "defaultPriority": null,
      "defaultUnitType": null,
      "unitPoints": 0,
      "winPoints": 0,
      "next": [
        143,
        144,
        145
      ]
    }
  },
  {
    "model": "ui.field",
    "pk": 249,
    "fields": {
      "name": "Asia_150",
      "type": 1,
      "game": 2,
      "lat": "40.5",
      "lng": "146.0",
      "home": null,
      "isCity": false,
      "defaultPriority": null,
      "defaultUnitType": null,
      "unitPoints": 0,
      "winPoints": 0,
      "next": [
        138,
        265
      ]
    }
  },
  {
    "model": "ui.field",
    "pk": 250,
    "fields": {
      "name": "South_Asia_151",
      "type": 1,
      "game": 2,
      "lat": "12.3",
      "lng": "129.6",
      "home": null,
      "isCity": false,
      "defaultPriority": null,
      "defaultUnitType": null,
      "unitPoints": 0,
      "winPoints": 0,
      "next": [
        131,
        147,
        149
      ]
    }
  },
  {
    "model": "ui.field",
    "pk": 251,
    "fields": {
      "name": "Oceania_152",
      "type": 1,
      "game": 2,
      "lat": "-5.1",
      "lng": "148.4",
      "home": null,
      "isCity": false,
      "defaultPriority": null,
      "defaultUnitType": null,
      "unitPoints": 0,
      "winPoints": 0,
      "next": []
    }
  },
  {
    "model": "ui.field",
    "pk": 252,
    "fields": {
      "name": "Siberia_153",
      "type": 1,
      "game": 2,
      "lat": "63.0",
      "lng": "172.8",
      "home": null,
      "isCity": false,
      "defaultPriority": null,
      "defaultUnitType": null,
      "unitPoints": 0,
      "winPoints": 0,
      "next": []
    }
  },
  {
    "model": "ui.field",
    "pk": 253,
    "fields": {
      "name": "Asia_154",
      "type": 1,
      "game": 2,
      "lat": "44.4",
      "lng": "167.6",
      "home": null,
      "isCity": false,
      "defaultPriority": null,
      "defaultUnitType": null,
      "unitPoints": 0,
      "winPoints": 0,
      "next": []
    }
  },
  {
    "model": "ui.field",
    "pk": 254,
    "fields": {
      "name": "South_Asia_155",
      "type": 1,
      "game": 2,
      "lat": "18.6",
      "lng": "156.8",
      "home": null,
      "isCity": false,
      "defaultPriority": null,
      "defaultUnitType": null,
      "unitPoints": 0,
      "winPoints": 0,
      "next": [
        149
      ]
    }
  },
  {
    "model": "ui.field",
    "pk": 255,
    "fields": {
      "name": "Central_America_156",
      "type": 1,
      "game": 2,
      "lat": "14.7",
      "lng": "-174.0",
      "home": null,
      "isCity": false,
      "defaultPriority": null,
      "defaultUnitType": null,
      "unitPoints": 0,
      "winPoints": 0,
      "next": []
    }
  },
  {
    "model": "ui.field",
    "pk": 256,
    "fields": {
      "name": "South_America_157",
      "type": 1,
      "game": 2,
      "lat": "-24.3",
      "lng": "-174.4",
      "home": null,
      "isCity": false,
      "defaultPriority": null,
      "defaultUnitType": null,
      "unitPoints": 0,
      "winPoints": 0,
      "next": []
    }
  },
  {
    "model": "ui.field",
    "pk": 257,
    "fields": {
      "name": "Oceania_158",
      "type": 1,
      "game": 2,
      "lat": "-71.4",
      "lng": "173.2",
      "home": null,
      "isCity": false,
      "defaultPriority": null,
      "defaultUnitType": null,
      "unitPoints": 0,
      "winPoints": 0,
      "next": []
    }
  },
  {
    "model": "ui.field",
    "pk": 258,
    "fields": {
      "name": "North_America_159",
      "type": 1,
      "game": 2,
      "lat": "58.5",
      "lng": "-158.4",
      "home": null,
      "isCity": false,
      "defaultPriority": null,
      "defaultUnitType": null,
      "unitPoints": 0,
      "winPoints": 0,
      "next": [
        181,
        187
      ]
    }
  },
  {
    "model": "ui.field",
    "pk": 259,
    "fields": {
      "name": "North_America_160",
      "type": 1,
      "game": 2,
      "lat": "40.2",
      "lng": "-167.6",
      "home": null,
      "isCity": false,
      "defaultPriority": null,
      "defaultUnitType": null,
      "unitPoints": 0,
      "winPoints": 0,
      "next": []
    }
  },
  {
    "model": "ui.field",
    "pk": 260,
    "fields": {
      "name": "Central_America_161",
      "type": 1,
      "game": 2,
      "lat": "17.1",
      "lng": "-150.8",
      "home": null,
      "isCity": false,
      "defaultPriority": null,
      "defaultUnitType": null,
      "unitPoints": 0,
      "winPoints": 0,
      "next": [
        195
      ]
    }
  },
  {
    "model": "ui.field",
    "pk": 261,
    "fields": {
      "name": "South_America_162",
      "type": 1,
      "game": 2,
      "lat": "-5.1",
      "lng": "-151.6",
      "home": null,
      "isCity": false,
      "defaultPriority": null,
      "defaultUnitType": null,
      "unitPoints": 0,
      "winPoints": 0,
      "next": []
    }
  },
  {
    "model": "ui.field",
    "pk": 262,
    "fields": {
      "name": "South_America_163",
      "type": 1,
      "game": 2,
      "lat": "-8.7",
      "lng": "-120.4",
      "home": null,
      "isCity": false,
      "defaultPriority": null,
      "defaultUnitType": null,
      "unitPoints": 0,
      "winPoints": 0,
      "next": [
        205
      ]
    }
  },
  {
    "model": "ui.field",
    "pk": 263,
    "fields": {
      "name": "South_America_164",
      "type": 1,
      "game": 2,
      "lat": "-42.9",
      "lng": "-146.0",
      "home": null,
      "isCity": false,
      "defaultPriority": null,
      "defaultUnitType": null,
      "unitPoints": 0,
      "winPoints": 0,
      "next": []
    }
  },
  {
    "model": "ui.field",
    "pk": 264,
    "fields": {
      "name": "South_America_165",
      "type": 1,
      "game": 2,
      "lat": "-64.8",
      "lng": "-106.0",
      "home": null,
      "isCity": false,
      "defaultPriority": null,
      "defaultUnitType": null,
      "unitPoints": 0,
      "winPoints": 0,
      "next": []
    }
  },
  {
    "model": "ui.field",
    "pk": 265,
    "fields": {
      "name": "Asia_166",
      "type": 3,
      "game": 2,
      "lat": "39.6",
      "lng": "152.8",
      "home": null,
      "isCity": true,
      "defaultPriority": 0,
      "defaultUnitType": 1,
      "unitPoints": 1,
      "winPoints": 0,
      "next": [
        138,
        249
      ]
    }
  },
  {
    "model": "ui.field",
    "pk": 266,
    "fields": {
      "name": "North_America_167",
      "type": 1,
      "game": 2,
      "lat": "48.6",
      "lng": "-68.8",
      "home": null,
      "isCity": false,
      "defaultPriority": null,
      "defaultUnitType": null,
      "unitPoints": 0,
      "winPoints": 0,
      "next": [
        271
      ]
    }
  },
  {
    "model": "ui.field",
    "pk": 267,
    "fields": {
      "name": "South_Asia_168",
      "type": 3,
      "game": 2,
      "lat": "0.9",
      "lng": "90.0",
      "home": null,
      "isCity": true,
      "defaultPriority": 0,
      "defaultUnitType": 1,
      "unitPoints": 1,
      "winPoints": 0,
      "next": [
        245
      ]
    }
  },
  {
    "model": "ui.field",
    "pk": 268,
    "fields": {
      "name": "Oceania_169",
      "type": 3,
      "game": 2,
      "lat": "-35.4",
      "lng": "94.8",
      "home": null,
      "isCity": true,
      "defaultPriority": 0,
      "defaultUnitType": 1,
      "unitPoints": 1,
      "winPoints": 0,
      "next": []
    }
  },
  {
    "model": "ui.field",
    "pk": 269,
    "fields": {
      "name": "South_America_170",
      "type": 3,
      "game": 2,
      "lat": "-24.0",
      "lng": "-128.4",
      "home": null,
      "isCity": true,
      "defaultPriority": 0,
      "defaultUnitType": 1,
      "unitPoints": 1,
      "winPoints": 0,
      "next": []
    }
  },
  {
    "model": "ui.field",
    "pk": 270,
    "fields": {
      "name": "North_Europe_171",
      "type": 3,
      "game": 2,
      "lat": "73.2",
      "lng": "-50.0",
      "home": null,
      "isCity": true,
      "defaultPriority": 0,
      "defaultUnitType": 1,
      "unitPoints": 1,
      "winPoints": 0,
      "next": []
    }
  },
  {
    "model": "ui.field",
    "pk": 271,
    "fields": {
      "name": "Europe_172",
      "type": 3,
      "game": 2,
      "lat": "46.5",
      "lng": "-56.8",
      "home": null,
      "isCity": true,
      "defaultPriority": 0,
      "defaultUnitType": 1,
      "unitPoints": 1,
      "winPoints": 0,
      "next": [
        266
      ]
    }
  },
  {
    "model": "ui.field",
    "pk": 272,
    "fields": {
      "name": "Africa_173",
      "type": 3,
      "game": 2,
      "lat": "26.4",
      "lng": "-54.8",
      "home": null,
      "isCity": true,
      "defaultPriority": 0,
      "defaultUnitType": 1,
      "unitPoints": 1,
      "winPoints": 0,
      "next": []
    }
  }
]